sequence_id	participant_id	timepoint_id	I7_Index_ID	I7_Index_seq	I5_Index_ID	I5_Index_seq	plate
m27n728-s511	12512	0	n728	TGCAGCTA	s511	TCTCTCCG	27
m27n729-s502	12512	22	n729	TCGACGTC	s502	CTCTCTAT	27
m27n729-s503	12512	46	n729	TCGACGTC	s503	TATCCTCT	27
m27n729-s505	12512	70	n729	TCGACGTC	s505	GTAAGGAG	27
m27n729-s506	12512	91	n729	TCGACGTC	s506	ACTGCATA	27
m27n729-s507	12512	118	n729	TCGACGTC	s507	AAGGAGTA	27
m27n729-s508	12512	142	n729	TCGACGTC	s508	CTAAGCCT	27
m27n729-s510	12512	166	n729	TCGACGTC	s510	CGTCTAAT	27
m27n729-s511	12512	187	n729	TCGACGTC	s511	TCTCTCCG	27
m27n701-s513	12512	212	n701	TAAGGCGA	s513	TCGACTAG	27
m27n701-s515	12512	236	n701	TAAGGCGA	s515	TTCTAGCT	27
m27n701-s516	12512	261	n701	TAAGGCGA	s516	CCTAGAGT	27
m27n701-s517	12512	283	n701	TAAGGCGA	s517	GCGTAAGA	27
m27n701-s518	12512	311	n701	TAAGGCGA	s518	CTATTAAG	27
m27n701-s520	12512	334	n701	TAAGGCGA	s520	AAGGCTAT	27
m27n701-s521	12512	359	n701	TAAGGCGA	s521	GAGCCTTA	27
m27n701-s522	12512	406	n701	TAAGGCGA	s522	TTATGCGA	27
m27n702-s513	12512	430	n702	CGTACTAG	s513	TCGACTAG	27
m27n702-s515	12512	455	n702	CGTACTAG	s515	TTCTAGCT	27
m27n702-s517	12512	477	n702	CGTACTAG	s517	GCGTAAGA	27
m27n702-s518	12512	502	n702	CGTACTAG	s518	CTATTAAG	27
m27n702-s520	12512	525	n702	CGTACTAG	s520	AAGGCTAT	27
m27n702-s521	12512	549	n702	CGTACTAG	s521	GAGCCTTA	27
m27n702-s522	12512	574	n702	CGTACTAG	s522	TTATGCGA	27
m27n703-s513	12512	598	n703	AGGCAGAA	s513	TCGACTAG	27
m27n703-s515	12512	621	n703	AGGCAGAA	s515	TTCTAGCT	27
m27n703-s516	12512	644	n703	AGGCAGAA	s516	CCTAGAGT	27
m27n703-s517	12512	669	n703	AGGCAGAA	s517	GCGTAAGA	27
m27n703-s518	12512	694	n703	AGGCAGAA	s518	CTATTAAG	27
m27n703-s521	12512	717	n703	AGGCAGAA	s521	GAGCCTTA	27
m27n703-s522	12512	739	n703	AGGCAGAA	s522	TTATGCGA	27
m27n704-s513	12512	765	n704	TCCTGAGC	s513	TCGACTAG	27
m27n704-s515	12512	790	n704	TCCTGAGC	s515	TTCTAGCT	27
m27n704-s516	12512	813	n704	TCCTGAGC	s516	CCTAGAGT	27
m27n704-s517	12512	838	n704	TCCTGAGC	s517	GCGTAAGA	27
m27n704-s518	12512	862	n704	TCCTGAGC	s518	CTATTAAG	27
m27n704-s520	12512	883	n704	TCCTGAGC	s520	AAGGCTAT	27
m27n704-s521	12512	908	n704	TCCTGAGC	s521	GAGCCTTA	27
m27n704-s522	12512	932	n704	TCCTGAGC	s522	TTATGCGA	27
m27n705-s513	12512	957	n705	GGACTCCT	s513	TCGACTAG	27
m27n705-s515	12512	981	n705	GGACTCCT	s515	TTCTAGCT	27
m27n705-s516	12512	1005	n705	GGACTCCT	s516	CCTAGAGT	27
m27n705-s518	12512	1030	n705	GGACTCCT	s518	CTATTAAG	27
m27n705-s520	12512	1052	n705	GGACTCCT	s520	AAGGCTAT	27
m27n705-s521	12512	1078	n705	GGACTCCT	s521	GAGCCTTA	27
m27n705-s522	12512	1101	n705	GGACTCCT	s522	TTATGCGA	27
m27n706-s513	12512	1124	n706	TAGGCATG	s513	TCGACTAG	27
m27n706-s515	12512	1148	n706	TAGGCATG	s515	TTCTAGCT	27
m27n706-s516	12512	1172	n706	TAGGCATG	s516	CCTAGAGT	27
m27n706-s517	12512	1196	n706	TAGGCATG	s517	GCGTAAGA	27
m27n706-s518	12512	1220	n706	TAGGCATG	s518	CTATTAAG	27
m27n706-s520	12512	1244	n706	TAGGCATG	s520	AAGGCTAT	27
m27n706-s521	12512	1267	n706	TAGGCATG	s521	GAGCCTTA	27
m27n720-s505	14425	0	n720	CGGAGCCT	s505	GTAAGGAG	27
m27n720-s506	14425	17	n720	CGGAGCCT	s506	ACTGCATA	27
m27n720-s507	14425	38	n720	CGGAGCCT	s507	AAGGAGTA	27
m27n720-s508	14425	62	n720	CGGAGCCT	s508	CTAAGCCT	27
m27n720-s510	14425	89	n720	CGGAGCCT	s510	CGTCTAAT	27
m27n720-s511	14425	113	n720	CGGAGCCT	s511	TCTCTCCG	27
m27n721-s502	14425	137	n721	TACGCTGC	s502	CTCTCTAT	27
m27n721-s503	14425	161	n721	TACGCTGC	s503	TATCCTCT	27
m27n721-s505	14425	185	n721	TACGCTGC	s505	GTAAGGAG	27
m27n721-s507	14425	209	n721	TACGCTGC	s507	AAGGAGTA	27
m27n721-s508	14425	239	n721	TACGCTGC	s508	CTAAGCCT	27
m27n721-s510	14425	257	n721	TACGCTGC	s510	CGTCTAAT	27
m27n721-s511	14425	281	n721	TACGCTGC	s511	TCTCTCCG	27
m27n722-s502	14425	305	n722	ATGCGCAG	s502	CTCTCTAT	27
m27n722-s505	14425	353	n722	ATGCGCAG	s505	GTAAGGAG	27
m27n722-s506	14425	377	n722	ATGCGCAG	s506	ACTGCATA	27
m27n722-s507	14425	401	n722	ATGCGCAG	s507	AAGGAGTA	27
m27n722-s508	14425	425	n722	ATGCGCAG	s508	CTAAGCCT	27
m27n722-s510	14425	449	n722	ATGCGCAG	s510	CGTCTAAT	27
m27n722-s511	14425	473	n722	ATGCGCAG	s511	TCTCTCCG	27
m27n723-s502	14425	497	n723	TAGCGCTC	s502	CTCTCTAT	27
m27n723-s505	14425	527	n723	TAGCGCTC	s505	GTAAGGAG	27
m27n723-s506	14425	545	n723	TAGCGCTC	s506	ACTGCATA	27
m27n723-s507	14425	569	n723	TAGCGCTC	s507	AAGGAGTA	27
m27n723-s510	14425	593	n723	TAGCGCTC	s510	CGTCTAAT	27
m27n723-s511	14425	617	n723	TAGCGCTC	s511	TCTCTCCG	27
m27n724-s502	14425	641	n724	ACTGAGCG	s502	CTCTCTAT	27
m27n724-s503	14425	665	n724	ACTGAGCG	s503	TATCCTCT	27
m27n724-s506	14425	713	n724	ACTGAGCG	s506	ACTGCATA	27
m27n724-s507	14425	737	n724	ACTGAGCG	s507	AAGGAGTA	27
m27n724-s508	14425	761	n724	ACTGAGCG	s508	CTAAGCCT	27
m27n724-s511	14425	809	n724	ACTGAGCG	s511	TCTCTCCG	27
m27n726-s502	14425	833	n726	CCTAAGAC	s502	CTCTCTAT	27
m27n726-s503	14425	857	n726	CCTAAGAC	s503	TATCCTCT	27
m27n726-s505	14425	881	n726	CCTAAGAC	s505	GTAAGGAG	27
m27n726-s506	14425	905	n726	CCTAAGAC	s506	ACTGCATA	27
m27n726-s508	14425	929	n726	CCTAAGAC	s508	CTAAGCCT	27
m27n726-s510	14425	953	n726	CCTAAGAC	s510	CGTCTAAT	27
m27n726-s511	14425	977	n726	CCTAAGAC	s511	TCTCTCCG	27
m27n727-s502	14425	1025	n727	CGATCAGT	s502	CTCTCTAT	27
m27n727-s503	14425	1049	n727	CGATCAGT	s503	TATCCTCT	27
m27n727-s505	14425	1073	n727	CGATCAGT	s505	GTAAGGAG	27
m27n727-s506	14425	1097	n727	CGATCAGT	s506	ACTGCATA	27
m27n727-s507	14425	1121	n727	CGATCAGT	s507	AAGGAGTA	27
m27n727-s508	14425	1145	n727	CGATCAGT	s508	CTAAGCCT	27
m27n727-s510	14425	1169	n727	CGATCAGT	s510	CGTCTAAT	27
m27n727-s511	14425	1193	n727	CGATCAGT	s511	TCTCTCCG	27
m27n728-s502	14425	1217	n728	TGCAGCTA	s502	CTCTCTAT	27
m27n728-s503	14425	1241	n728	TGCAGCTA	s503	TATCCTCT	27
m27n728-s506	14425	1265	n728	TGCAGCTA	s506	ACTGCATA	27
m27n728-s507	14425	1289	n728	TGCAGCTA	s507	AAGGAGTA	27
m27n728-s508	14425	1313	n728	TGCAGCTA	s508	CTAAGCCT	27
m27n727-s513	14425	1337	n727	CGATCAGT	s513	TCGACTAG	27
m27n701-s502	14618	0	n701	TAAGGCGA	s502	CTCTCTAT	27
m27n701-s503	14618	48	n701	TAAGGCGA	s503	TATCCTCT	27
m27n701-s505	14618	71	n701	TAAGGCGA	s505	GTAAGGAG	27
m27n701-s506	14618	93	n701	TAAGGCGA	s506	ACTGCATA	27
m27n701-s507	14618	121	n701	TAAGGCGA	s507	AAGGAGTA	27
m27n701-s508	14618	145	n701	TAAGGCGA	s508	CTAAGCCT	27
m27n701-s510	14618	167	n701	TAAGGCGA	s510	CGTCTAAT	27
m27n701-s511	14618	189	n701	TAAGGCGA	s511	TCTCTCCG	27
m27n702-s502	14618	218	n702	CGTACTAG	s502	CTCTCTAT	27
m27n702-s503	14618	238	n702	CGTACTAG	s503	TATCCTCT	27
m27n702-s506	14618	266	n702	CGTACTAG	s506	ACTGCATA	27
m27n702-s507	14618	287	n702	CGTACTAG	s507	AAGGAGTA	27
m27n702-s508	14618	310	n702	CGTACTAG	s508	CTAAGCCT	27
m27n702-s510	14618	334	n702	CGTACTAG	s510	CGTCTAAT	27
m27n702-s511	14618	362	n702	CGTACTAG	s511	TCTCTCCG	27
m27n703-s502	14618	384	n703	AGGCAGAA	s502	CTCTCTAT	27
m27n703-s503	14618	412	n703	AGGCAGAA	s503	TATCCTCT	27
m27n703-s505	14618	433	n703	AGGCAGAA	s505	GTAAGGAG	27
m27n703-s506	14618	453	n703	AGGCAGAA	s506	ACTGCATA	27
m27n703-s507	14618	483	n703	AGGCAGAA	s507	AAGGAGTA	27
m27n703-s510	14618	505	n703	AGGCAGAA	s510	CGTCTAAT	27
m27n703-s511	14618	527	n703	AGGCAGAA	s511	TCTCTCCG	27
m27n704-s502	14618	549	n704	TCCTGAGC	s502	CTCTCTAT	27
m27n704-s503	14618	575	n704	TCCTGAGC	s503	TATCCTCT	27
m27n704-s505	14618	603	n704	TCCTGAGC	s505	GTAAGGAG	27
m27n704-s506	14618	624	n704	TCCTGAGC	s506	ACTGCATA	27
m27n704-s507	14618	662	n704	TCCTGAGC	s507	AAGGAGTA	27
m27n704-s508	14618	670	n704	TCCTGAGC	s508	CTAAGCCT	27
m27n704-s510	14618	696	n704	TCCTGAGC	s510	CGTCTAAT	27
m27n704-s511	14618	724	n704	TCCTGAGC	s511	TCTCTCCG	27
m27n705-s502	14618	749	n705	GGACTCCT	s502	CTCTCTAT	27
m27n705-s503	14618	768	n705	GGACTCCT	s503	TATCCTCT	27
m27n705-s505	14618	794	n705	GGACTCCT	s505	GTAAGGAG	27
m27n705-s507	14618	817	n705	GGACTCCT	s507	AAGGAGTA	27
m27n705-s508	14618	837	n705	GGACTCCT	s508	CTAAGCCT	27
m27n705-s510	14618	864	n705	GGACTCCT	s510	CGTCTAAT	27
m27n705-s511	14618	888	n705	GGACTCCT	s511	TCTCTCCG	27
m27n706-s502	14618	911	n706	TAGGCATG	s502	CTCTCTAT	27
m27n706-s503	14618	935	n706	TAGGCATG	s503	TATCCTCT	27
m27n706-s505	14618	962	n706	TAGGCATG	s505	GTAAGGAG	27
m27n706-s506	14618	984	n706	TAGGCATG	s506	ACTGCATA	27
m27n706-s507	14618	1008	n706	TAGGCATG	s507	AAGGAGTA	27
m27n706-s508	14618	1032	n706	TAGGCATG	s508	CTAAGCCT	27
m27n706-s510	14618	1057	n706	TAGGCATG	s510	CGTCTAAT	27
m27n706-s511	14618	1078	n706	TAGGCATG	s511	TCTCTCCG	27
m27n707-s502	14618	1102	n707	CTCTCTAC	s502	CTCTCTAT	27
m27n707-s505	14618	1129	n707	CTCTCTAC	s505	GTAAGGAG	27
m27n707-s506	14618	1152	n707	CTCTCTAC	s506	ACTGCATA	27
m27n707-s507	14618	1176	n707	CTCTCTAC	s507	AAGGAGTA	27
m27n707-s510	14618	1200	n707	CTCTCTAC	s510	CGTCTAAT	27
m27n707-s511	14618	1226	n707	CTCTCTAC	s511	TCTCTCCG	27
m27n710-s502	14618	1248	n710	CGAGGCTG	s502	CTCTCTAT	27
m27n710-s503	14618	1271	n710	CGAGGCTG	s503	TATCCTCT	27
m27n710-s505	14618	1295	n710	CGAGGCTG	s505	GTAAGGAG	27
m27n710-s506	14618	1319	n710	CGAGGCTG	s506	ACTGCATA	27
m27n710-s507	14618	1345	n710	CGAGGCTG	s507	AAGGAGTA	27
m29n718-s522	14674	0	n718	GGAGCTAC	s522	TTATGCGA	29
m29n719-s513	14674	19	n719	GCGTAGTA	s513	TCGACTAG	29
m29n719-s515	14674	46	n719	GCGTAGTA	s515	TTCTAGCT	29
m29n719-s516	14674	67	n719	GCGTAGTA	s516	CCTAGAGT	29
m29n719-s517	14674	90	n719	GCGTAGTA	s517	GCGTAAGA	29
m29n719-s518	14674	115	n719	GCGTAGTA	s518	CTATTAAG	29
m29n719-s521	14674	138	n719	GCGTAGTA	s521	GAGCCTTA	29
m29n719-s522	14674	164	n719	GCGTAGTA	s522	TTATGCGA	29
m29n720-s513	14674	188	n720	CGGAGCCT	s513	TCGACTAG	29
m29n720-s515	14674	214	n720	CGGAGCCT	s515	TTCTAGCT	29
m29n720-s516	14674	236	n720	CGGAGCCT	s516	CCTAGAGT	29
m29n720-s517	14674	261	n720	CGGAGCCT	s517	GCGTAAGA	29
m29n720-s518	14674	285	n720	CGGAGCCT	s518	CTATTAAG	29
m29n720-s520	14674	310	n720	CGGAGCCT	s520	AAGGCTAT	29
m29n720-s521	14674	334	n720	CGGAGCCT	s521	GAGCCTTA	29
m29n720-s522	14674	356	n720	CGGAGCCT	s522	TTATGCGA	29
m29n721-s513	14674	382	n721	TACGCTGC	s513	TCGACTAG	29
m29n721-s515	14674	404	n721	TACGCTGC	s515	TTCTAGCT	29
m29n721-s516	14674	425	n721	TACGCTGC	s516	CCTAGAGT	29
m29n721-s518	14674	452	n721	TACGCTGC	s518	CTATTAAG	29
m29n721-s520	14674	476	n721	TACGCTGC	s520	AAGGCTAT	29
m29n721-s521	14674	500	n721	TACGCTGC	s521	GAGCCTTA	29
m29n721-s522	14674	524	n721	TACGCTGC	s522	TTATGCGA	29
m29n722-s513	14674	548	n722	ATGCGCAG	s513	TCGACTAG	29
m29n722-s515	14674	574	n722	ATGCGCAG	s515	TTCTAGCT	29
m29n722-s516	14674	598	n722	ATGCGCAG	s516	CCTAGAGT	29
m29n722-s517	14674	619	n722	ATGCGCAG	s517	GCGTAAGA	29
m29n722-s518	14674	641	n722	ATGCGCAG	s518	CTATTAAG	29
m29n722-s520	14674	668	n722	ATGCGCAG	s520	AAGGCTAT	29
m29n722-s521	14674	692	n722	ATGCGCAG	s521	GAGCCTTA	29
m29n722-s522	14674	717	n722	ATGCGCAG	s522	TTATGCGA	29
m29n723-s513	14674	740	n723	TAGCGCTC	s513	TCGACTAG	29
m29n723-s516	14674	764	n723	TAGCGCTC	s516	CCTAGAGT	29
m29n723-s517	14674	788	n723	TAGCGCTC	s517	GCGTAAGA	29
m29n723-s518	14674	812	n723	TAGCGCTC	s518	CTATTAAG	29
m29n723-s521	14674	836	n723	TAGCGCTC	s521	GAGCCTTA	29
m29n723-s522	14674	861	n723	TAGCGCTC	s522	TTATGCGA	29
m29n724-s513	14674	884	n724	ACTGAGCG	s513	TCGACTAG	29
m29n724-s515	14674	908	n724	ACTGAGCG	s515	TTCTAGCT	29
m29n724-s516	14674	932	n724	ACTGAGCG	s516	CCTAGAGT	29
m29n724-s517	14674	956	n724	ACTGAGCG	s517	GCGTAAGA	29
m29n724-s518	14674	979	n724	ACTGAGCG	s518	CTATTAAG	29
m29n724-s520	14674	1004	n724	ACTGAGCG	s520	AAGGCTAT	29
m29n724-s521	14674	1027	n724	ACTGAGCG	s521	GAGCCTTA	29
m29n724-s522	14674	1052	n724	ACTGAGCG	s522	TTATGCGA	29
m29n726-s513	14674	1076	n726	CCTAAGAC	s513	TCGACTAG	29
m29n726-s515	14674	1099	n726	CCTAAGAC	s515	TTCTAGCT	29
m29n726-s516	14674	1123	n726	CCTAAGAC	s516	CCTAGAGT	29
m29n726-s517	14674	1147	n726	CCTAAGAC	s517	GCGTAAGA	29
m29n726-s520	14674	1169	n726	CCTAAGAC	s520	AAGGCTAT	29
m29n726-s521	14674	1193	n726	CCTAAGAC	s521	GAGCCTTA	29
m29n726-s522	14674	1217	n726	CCTAAGAC	s522	TTATGCGA	29
m29n727-s515	14674	1243	n727	CGATCAGT	s515	TTCTAGCT	29
m29n727-s516	14674	1265	n727	CGATCAGT	s516	CCTAGAGT	29
m29n727-s517	14674	1289	n727	CGATCAGT	s517	GCGTAAGA	29
m29n727-s518	14674	1314	n727	CGATCAGT	s518	CTATTAAG	29
m29n727-s520	14674	1339	n727	CGATCAGT	s520	AAGGCTAT	29
m29n701-s502	14735	0	n701	TAAGGCGA	s502	CTCTCTAT	29
m29n701-s503	14735	17	n701	TAAGGCGA	s503	TATCCTCT	29
m29n701-s505	14735	41	n701	TAAGGCGA	s505	GTAAGGAG	29
m29n701-s506	14735	65	n701	TAAGGCGA	s506	ACTGCATA	29
m29n701-s507	14735	92	n701	TAAGGCGA	s507	AAGGAGTA	29
m29n701-s508	14735	114	n701	TAAGGCGA	s508	CTAAGCCT	29
m29n701-s510	14735	138	n701	TAAGGCGA	s510	CGTCTAAT	29
m29n701-s511	14735	162	n701	TAAGGCGA	s511	TCTCTCCG	29
m29n702-s502	14735	185	n702	CGTACTAG	s502	CTCTCTAT	29
m29n702-s503	14735	211	n702	CGTACTAG	s503	TATCCTCT	29
m29n702-s506	14735	236	n702	CGTACTAG	s506	ACTGCATA	29
m29n702-s507	14735	258	n702	CGTACTAG	s507	AAGGAGTA	29
m29n702-s508	14735	282	n702	CGTACTAG	s508	CTAAGCCT	29
m29n702-s510	14735	307	n702	CGTACTAG	s510	CGTCTAAT	29
m29n702-s511	14735	330	n702	CGTACTAG	s511	TCTCTCCG	29
m29n703-s502	14735	354	n703	AGGCAGAA	s502	CTCTCTAT	29
m29n703-s503	14735	380	n703	AGGCAGAA	s503	TATCCTCT	29
m29n703-s505	14735	404	n703	AGGCAGAA	s505	GTAAGGAG	29
m29n703-s506	14735	429	n703	AGGCAGAA	s506	ACTGCATA	29
m29n703-s507	14735	450	n703	AGGCAGAA	s507	AAGGAGTA	29
m29n703-s510	14735	482	n703	AGGCAGAA	s510	CGTCTAAT	29
m29n703-s511	14735	497	n703	AGGCAGAA	s511	TCTCTCCG	29
m29n704-s502	14735	528	n704	TCCTGAGC	s502	CTCTCTAT	29
m29n704-s503	14735	546	n704	TCCTGAGC	s503	TATCCTCT	29
m29n704-s505	14735	571	n704	TCCTGAGC	s505	GTAAGGAG	29
m29n704-s506	14735	605	n704	TCCTGAGC	s506	ACTGCATA	29
m29n704-s507	14735	618	n704	TCCTGAGC	s507	AAGGAGTA	29
m29n704-s508	14735	642	n704	TCCTGAGC	s508	CTAAGCCT	29
m29n704-s510	14735	666	n704	TCCTGAGC	s510	CGTCTAAT	29
m29n704-s511	14735	690	n704	TCCTGAGC	s511	TCTCTCCG	29
m29n705-s502	14735	716	n705	GGACTCCT	s502	CTCTCTAT	29
m29n705-s503	14735	739	n705	GGACTCCT	s503	TATCCTCT	29
m29n705-s505	14735	762	n705	GGACTCCT	s505	GTAAGGAG	29
m29n705-s507	14735	786	n705	GGACTCCT	s507	AAGGAGTA	29
m29n705-s508	14735	811	n705	GGACTCCT	s508	CTAAGCCT	29
m29n705-s510	14735	834	n705	GGACTCCT	s510	CGTCTAAT	29
m29n705-s511	14735	858	n705	GGACTCCT	s511	TCTCTCCG	29
m29n706-s502	14735	882	n706	TAGGCATG	s502	CTCTCTAT	29
m29n706-s503	14735	906	n706	TAGGCATG	s503	TATCCTCT	29
m29n706-s505	14735	932	n706	TAGGCATG	s505	GTAAGGAG	29
m29n706-s506	14735	954	n706	TAGGCATG	s506	ACTGCATA	29
m29n706-s507	14735	978	n706	TAGGCATG	s507	AAGGAGTA	29
m29n706-s508	14735	1001	n706	TAGGCATG	s508	CTAAGCCT	29
m29n706-s510	14735	1026	n706	TAGGCATG	s510	CGTCTAAT	29
m29n706-s511	14735	1050	n706	TAGGCATG	s511	TCTCTCCG	29
m29n707-s502	14735	1075	n707	CTCTCTAC	s502	CTCTCTAT	29
m29n707-s505	14735	1103	n707	CTCTCTAC	s505	GTAAGGAG	29
m29n707-s506	14735	1125	n707	CTCTCTAC	s506	ACTGCATA	29
m29n707-s507	14735	1146	n707	CTCTCTAC	s507	AAGGAGTA	29
m29n707-s510	14735	1169	n707	CTCTCTAC	s510	CGTCTAAT	29
m29n707-s511	14735	1196	n707	CTCTCTAC	s511	TCTCTCCG	29
m29n710-s502	14735	1219	n710	CGAGGCTG	s502	CTCTCTAT	29
m29n710-s503	14735	1243	n710	CGAGGCTG	s503	TATCCTCT	29
m29n710-s505	14735	1268	n710	CGAGGCTG	s505	GTAAGGAG	29
m29n710-s506	14735	1292	n710	CGAGGCTG	s506	ACTGCATA	29
m29n710-s507	14735	1313	n710	CGAGGCTG	s507	AAGGAGTA	29
m28n715-s503	14779	0	n715	ATCTCAGG	s503	TATCCTCT	28
m28n715-s505	14779	17	n715	ATCTCAGG	s505	GTAAGGAG	28
m28n715-s506	14779	43	n715	ATCTCAGG	s506	ACTGCATA	28
m28n715-s507	14779	64	n715	ATCTCAGG	s507	AAGGAGTA	28
m28n715-s508	14779	89	n715	ATCTCAGG	s508	CTAAGCCT	28
m28n715-s510	14779	115	n715	ATCTCAGG	s510	CGTCTAAT	28
m28n715-s511	14779	136	n715	ATCTCAGG	s511	TCTCTCCG	28
m28n701-s513	14779	160	n701	TAAGGCGA	s513	TCGACTAG	28
m28n701-s515	14779	184	n701	TAAGGCGA	s515	TTCTAGCT	28
m28n701-s516	14779	208	n701	TAAGGCGA	s516	CCTAGAGT	28
m28n701-s517	14779	235	n701	TAAGGCGA	s517	GCGTAAGA	28
m28n701-s518	14779	250	n701	TAAGGCGA	s518	CTATTAAG	28
m28n701-s520	14779	280	n701	TAAGGCGA	s520	AAGGCTAT	28
m28n701-s521	14779	307	n701	TAAGGCGA	s521	GAGCCTTA	28
m28n701-s522	14779	328	n701	TAAGGCGA	s522	TTATGCGA	28
m28n702-s513	14779	352	n702	CGTACTAG	s513	TCGACTAG	28
m28n702-s515	14779	377	n702	CGTACTAG	s515	TTCTAGCT	28
m28n702-s517	14779	405	n702	CGTACTAG	s517	GCGTAAGA	28
m28n702-s518	14779	428	n702	CGTACTAG	s518	CTATTAAG	28
m28n702-s520	14779	447	n702	CGTACTAG	s520	AAGGCTAT	28
m28n702-s521	14779	472	n702	CGTACTAG	s521	GAGCCTTA	28
m28n702-s522	14779	495	n702	CGTACTAG	s522	TTATGCGA	28
m28n703-s513	14779	520	n703	AGGCAGAA	s513	TCGACTAG	28
m28n703-s515	14779	545	n703	AGGCAGAA	s515	TTCTAGCT	28
m28n703-s516	14779	569	n703	AGGCAGAA	s516	CCTAGAGT	28
m28n703-s517	14779	595	n703	AGGCAGAA	s517	GCGTAAGA	28
m28n703-s518	14779	617	n703	AGGCAGAA	s518	CTATTAAG	28
m28n703-s521	14779	632	n703	AGGCAGAA	s521	GAGCCTTA	28
m28n703-s522	14779	664	n703	AGGCAGAA	s522	TTATGCGA	28
m28n704-s513	14779	690	n704	TCCTGAGC	s513	TCGACTAG	28
m28n704-s515	14779	715	n704	TCCTGAGC	s515	TTCTAGCT	28
m28n704-s516	14779	737	n704	TCCTGAGC	s516	CCTAGAGT	28
m28n704-s517	14779	760	n704	TCCTGAGC	s517	GCGTAAGA	28
m28n704-s518	14779	788	n704	TCCTGAGC	s518	CTATTAAG	28
m28n704-s520	14779	808	n704	TCCTGAGC	s520	AAGGCTAT	28
m28n704-s521	14779	833	n704	TCCTGAGC	s521	GAGCCTTA	28
m28n704-s522	14779	858	n704	TCCTGAGC	s522	TTATGCGA	28
m28n705-s513	14779	884	n705	GGACTCCT	s513	TCGACTAG	28
m28n705-s515	14779	905	n705	GGACTCCT	s515	TTCTAGCT	28
m28n705-s516	14779	921	n705	GGACTCCT	s516	CCTAGAGT	28
m28n705-s518	14779	956	n705	GGACTCCT	s518	CTATTAAG	28
m28n705-s520	14779	973	n705	GGACTCCT	s520	AAGGCTAT	28
m28n705-s521	14779	1009	n705	GGACTCCT	s521	GAGCCTTA	28
m28n705-s522	14779	1024	n705	GGACTCCT	s522	TTATGCGA	28
m28n706-s513	14779	1048	n706	TAGGCATG	s513	TCGACTAG	28
m28n706-s515	14779	1072	n706	TAGGCATG	s515	TTCTAGCT	28
m28n706-s516	14779	1099	n706	TAGGCATG	s516	CCTAGAGT	28
m28n706-s517	14779	1115	n706	TAGGCATG	s517	GCGTAAGA	28
m28n706-s518	14779	1146	n706	TAGGCATG	s518	CTATTAAG	28
m28n706-s520	14779	1168	n706	TAGGCATG	s520	AAGGCTAT	28
m28n706-s521	14779	1193	n706	TAGGCATG	s521	GAGCCTTA	28
m28n706-s522	14779	1226	n706	TAGGCATG	s522	TTATGCGA	28
m28n707-s513	14779	1240	n707	CTCTCTAC	s513	TCGACTAG	28
m28n707-s516	14779	1268	n707	CTCTCTAC	s516	CCTAGAGT	28
m28n707-s518	14779	1312	n707	CTCTCTAC	s518	CTATTAAG	28
m28n707-s521	14779	1336	n707	CTCTCTAC	s521	GAGCCTTA	28
m28n724-s510	14859	0	n724	ACTGAGCG	s510	CGTCTAAT	28
m28n724-s511	14859	25	n724	ACTGAGCG	s511	TCTCTCCG	28
m28n726-s502	14859	50	n726	CCTAAGAC	s502	CTCTCTAT	28
m28n726-s503	14859	69	n726	CCTAAGAC	s503	TATCCTCT	28
m28n726-s505	14859	95	n726	CCTAAGAC	s505	GTAAGGAG	28
m28n726-s506	14859	119	n726	CCTAAGAC	s506	ACTGCATA	28
m28n726-s508	14859	143	n726	CCTAAGAC	s508	CTAAGCCT	28
m28n726-s510	14859	168	n726	CCTAAGAC	s510	CGTCTAAT	28
m28n726-s511	14859	191	n726	CCTAAGAC	s511	TCTCTCCG	28
m28n727-s502	14859	218	n727	CGATCAGT	s502	CTCTCTAT	28
m28n727-s503	14859	242	n727	CGATCAGT	s503	TATCCTCT	28
m28n727-s505	14859	262	n727	CGATCAGT	s505	GTAAGGAG	28
m28n727-s506	14859	286	n727	CGATCAGT	s506	ACTGCATA	28
m28n727-s507	14859	312	n727	CGATCAGT	s507	AAGGAGTA	28
m28n727-s508	14859	342	n727	CGATCAGT	s508	CTAAGCCT	28
m28n727-s510	14859	361	n727	CGATCAGT	s510	CGTCTAAT	28
m28n727-s511	14859	386	n727	CGATCAGT	s511	TCTCTCCG	28
m28n728-s502	14859	405	n728	TGCAGCTA	s502	CTCTCTAT	28
m28n728-s503	14859	429	n728	TGCAGCTA	s503	TATCCTCT	28
m28n728-s506	14859	453	n728	TGCAGCTA	s506	ACTGCATA	28
m28n728-s507	14859	477	n728	TGCAGCTA	s507	AAGGAGTA	28
m28n728-s508	14859	501	n728	TGCAGCTA	s508	CTAAGCCT	28
m28n728-s510	14859	526	n728	TGCAGCTA	s510	CGTCTAAT	28
m28n728-s511	14859	554	n728	TGCAGCTA	s511	TCTCTCCG	28
m28n729-s502	14859	574	n729	TCGACGTC	s502	CTCTCTAT	28
m28n729-s503	14859	599	n729	TCGACGTC	s503	TATCCTCT	28
m28n729-s505	14859	621	n729	TCGACGTC	s505	GTAAGGAG	28
m28n729-s506	14859	645	n729	TCGACGTC	s506	ACTGCATA	28
m28n729-s507	14859	669	n729	TCGACGTC	s507	AAGGAGTA	28
m28n729-s508	14859	696	n729	TCGACGTC	s508	CTAAGCCT	28
m28n729-s510	14859	728	n729	TCGACGTC	s510	CGTCTAAT	28
m28n729-s511	14859	743	n729	TCGACGTC	s511	TCTCTCCG	28
m28n701-s502	14859	767	n701	TAAGGCGA	s502	CTCTCTAT	28
m28n701-s503	14859	789	n701	TAAGGCGA	s503	TATCCTCT	28
m28n701-s505	14859	815	n701	TAAGGCGA	s505	GTAAGGAG	28
m28n701-s506	14859	841	n701	TAAGGCGA	s506	ACTGCATA	28
m28n701-s507	14859	865	n701	TAAGGCGA	s507	AAGGAGTA	28
m28n701-s508	14859	888	n701	TAAGGCGA	s508	CTAAGCCT	28
m28n701-s510	14859	908	n701	TAAGGCGA	s510	CGTCTAAT	28
m28n701-s511	14859	932	n701	TAAGGCGA	s511	TCTCTCCG	28
m28n702-s502	14859	958	n702	CGTACTAG	s502	CTCTCTAT	28
m28n702-s503	14859	982	n702	CGTACTAG	s503	TATCCTCT	28
m28n702-s506	14859	1006	n702	CGTACTAG	s506	ACTGCATA	28
m28n702-s507	14859	1033	n702	CGTACTAG	s507	AAGGAGTA	28
m28n702-s508	14859	1055	n702	CGTACTAG	s508	CTAAGCCT	28
m28n702-s510	14859	1078	n702	CGTACTAG	s510	CGTCTAAT	28
m28n702-s511	14859	1101	n702	CGTACTAG	s511	TCTCTCCG	28
m28n703-s502	14859	1133	n703	AGGCAGAA	s502	CTCTCTAT	28
m28n703-s503	14859	1152	n703	AGGCAGAA	s503	TATCCTCT	28
m28n703-s505	14859	1173	n703	AGGCAGAA	s505	GTAAGGAG	28
m28n703-s506	14859	1201	n703	AGGCAGAA	s506	ACTGCATA	28
m28n703-s507	14859	1221	n703	AGGCAGAA	s507	AAGGAGTA	28
m28n703-s510	14859	1245	n703	AGGCAGAA	s510	CGTCTAAT	28
m28n703-s511	14859	1269	n703	AGGCAGAA	s511	TCTCTCCG	28
m28n704-s502	14859	1293	n704	TCCTGAGC	s502	CTCTCTAT	28
m28n704-s503	14859	1318	n704	TCCTGAGC	s503	TATCCTCT	28
m28n704-s505	14859	1342	n704	TCCTGAGC	s505	GTAAGGAG	28
m8n727-s502	14887	0	n727	CGATCAGT	s502	CTCTCTAT	8
m8n727-s503	14887	17	n727	CGATCAGT	s503	TATCCTCT	8
m8n727-s505	14887	22	n727	CGATCAGT	s505	GTAAGGAG	8
m8n727-s506	14887	30	n727	CGATCAGT	s506	ACTGCATA	8
m8n727-s507	14887	42	n727	CGATCAGT	s507	AAGGAGTA	8
m8n727-s508	14887	54	n727	CGATCAGT	s508	CTAAGCCT	8
m8n727-s510	14887	59	n727	CGATCAGT	s510	CGTCTAAT	8
m8n727-s511	14887	69	n727	CGATCAGT	s511	TCTCTCCG	8
m8n728-s502	14887	80	n728	TGCAGCTA	s502	CTCTCTAT	8
m8n728-s503	14887	89	n728	TGCAGCTA	s503	TATCCTCT	8
m8n728-s505	14887	93	n728	TGCAGCTA	s505	GTAAGGAG	8
m8n728-s506	14887	100	n728	TGCAGCTA	s506	ACTGCATA	8
m8n728-s507	14887	104	n728	TGCAGCTA	s507	AAGGAGTA	8
m8n728-s508	14887	113	n728	TGCAGCTA	s508	CTAAGCCT	8
m8n729-s502	14887	123	n729	TCGACGTC	s502	CTCTCTAT	8
m8n729-s503	14887	128	n729	TCGACGTC	s503	TATCCTCT	8
m8n729-s505	14887	138	n729	TCGACGTC	s505	GTAAGGAG	8
m8n729-s506	14887	149	n729	TCGACGTC	s506	ACTGCATA	8
m8n729-s507	14887	155	n729	TCGACGTC	s507	AAGGAGTA	8
m8n729-s508	14887	165	n729	TCGACGTC	s508	CTAAGCCT	8
m8n729-s510	14887	173	n729	TCGACGTC	s510	CGTCTAAT	8
m8n729-s511	14887	177	n729	TCGACGTC	s511	TCTCTCCG	8
m8n701-s513	14887	188	n701	TAAGGCGA	s513	TCGACTAG	8
m8n701-s515	14887	195	n701	TAAGGCGA	s515	TTCTAGCT	8
m8n701-s516	14887	202	n701	TAAGGCGA	s516	CCTAGAGT	8
m8n701-s517	14887	212	n701	TAAGGCGA	s517	GCGTAAGA	8
m8n701-s518	14887	221	n701	TAAGGCGA	s518	CTATTAAG	8
m8n701-s520	14887	227	n701	TAAGGCGA	s520	AAGGCTAT	8
m8n701-s521	14887	239	n701	TAAGGCGA	s521	GAGCCTTA	8
m8n701-s522	14887	246	n701	TAAGGCGA	s522	TTATGCGA	8
m8n702-s513	14887	263	n702	CGTACTAG	s513	TCGACTAG	8
m8n702-s515	14887	265	n702	CGTACTAG	s515	TTCTAGCT	8
m8n702-s516	14887	273	n702	CGTACTAG	s516	CCTAGAGT	8
m8n702-s517	14887	283	n702	CGTACTAG	s517	GCGTAAGA	8
m8n702-s518	14887	290	n702	CGTACTAG	s518	CTATTAAG	8
m8n702-s520	14887	296	n702	CGTACTAG	s520	AAGGCTAT	8
m8n702-s521	14887	307	n702	CGTACTAG	s521	GAGCCTTA	8
m8n702-s522	14887	313	n702	CGTACTAG	s522	TTATGCGA	8
m8n703-s513	14887	320	n703	AGGCAGAA	s513	TCGACTAG	8
m8n703-s515	14887	330	n703	AGGCAGAA	s515	TTCTAGCT	8
m8n703-s516	14887	335	n703	AGGCAGAA	s516	CCTAGAGT	8
m8n703-s517	14887	341	n703	AGGCAGAA	s517	GCGTAAGA	8
m8n703-s518	14887	354	n703	AGGCAGAA	s518	CTATTAAG	8
m8n703-s520	14887	362	n703	AGGCAGAA	s520	AAGGCTAT	8
m8n703-s521	14887	368	n703	AGGCAGAA	s521	GAGCCTTA	8
m8n703-s522	14887	377	n703	AGGCAGAA	s522	TTATGCGA	8
m8n704-s513	14887	383	n704	TCCTGAGC	s513	TCGACTAG	8
m8n704-s515	14887	392	n704	TCCTGAGC	s515	TTCTAGCT	8
m8n704-s516	14887	402	n704	TCCTGAGC	s516	CCTAGAGT	8
m8n704-s517	14887	411	n704	TCCTGAGC	s517	GCGTAAGA	8
m8n704-s518	14887	417	n704	TCCTGAGC	s518	CTATTAAG	8
m8n704-s520	14887	427	n704	TCCTGAGC	s520	AAGGCTAT	8
m8n704-s521	14887	437	n704	TCCTGAGC	s521	GAGCCTTA	8
m8n704-s522	14887	452	n704	TCCTGAGC	s522	TTATGCGA	8
m8n705-s513	14887	463	n705	GGACTCCT	s513	TCGACTAG	8
m8n705-s515	14887	467	n705	GGACTCCT	s515	TTCTAGCT	8
m8n705-s516	14887	476	n705	GGACTCCT	s516	CCTAGAGT	8
m8n705-s517	14887	485	n705	GGACTCCT	s517	GCGTAAGA	8
m8n705-s518	14887	489	n705	GGACTCCT	s518	CTATTAAG	8
m8n705-s520	14887	498	n705	GGACTCCT	s520	AAGGCTAT	8
m8n705-s521	14887	504	n705	GGACTCCT	s521	GAGCCTTA	8
m8n705-s522	14887	510	n705	GGACTCCT	s522	TTATGCGA	8
m8n706-s513	14887	521	n706	TAGGCATG	s513	TCGACTAG	8
m8n706-s515	14887	528	n706	TAGGCATG	s515	TTCTAGCT	8
m8n706-s516	14887	534	n706	TAGGCATG	s516	CCTAGAGT	8
m8n706-s517	14887	552	n706	TAGGCATG	s517	GCGTAAGA	8
m8n706-s518	14887	558	n706	TAGGCATG	s518	CTATTAAG	8
m8n706-s520	14887	562	n706	TAGGCATG	s520	AAGGCTAT	8
m8n706-s521	14887	570	n706	TAGGCATG	s521	GAGCCTTA	8
m8n706-s522	14887	580	n706	TAGGCATG	s522	TTATGCGA	8
m8n707-s513	14887	584	n707	CTCTCTAC	s513	TCGACTAG	8
m8n707-s515	14887	595	n707	CTCTCTAC	s515	TTCTAGCT	8
m8n707-s516	14887	599	n707	CTCTCTAC	s516	CCTAGAGT	8
m8n707-s517	14887	608	n707	CTCTCTAC	s517	GCGTAAGA	8
m8n707-s518	14887	616	n707	CTCTCTAC	s518	CTATTAAG	8
m8n707-s520	14887	626	n707	CTCTCTAC	s520	AAGGCTAT	8
m8n707-s521	14887	632	n707	CTCTCTAC	s521	GAGCCTTA	8
m8n707-s522	14887	633	n707	CTCTCTAC	s522	TTATGCGA	8
m8n710-s513	14887	652	n710	CGAGGCTG	s513	TCGACTAG	8
m8n710-s515	14887	657	n710	CGAGGCTG	s515	TTCTAGCT	8
m8n710-s516	14887	666	n710	CGAGGCTG	s516	CCTAGAGT	8
m8n710-s517	14887	671	n710	CGAGGCTG	s517	GCGTAAGA	8
m8n710-s518	14887	680	n710	CGAGGCTG	s518	CTATTAAG	8
m8n710-s520	14887	690	n710	CGAGGCTG	s520	AAGGCTAT	8
m8n710-s521	14887	698	n710	CGAGGCTG	s521	GAGCCTTA	8
m8n710-s522	14887	705	n710	CGAGGCTG	s522	TTATGCGA	8
m8n711-s513	14887	717	n711	AAGAGGCA	s513	TCGACTAG	8
m8n711-s515	14887	722	n711	AAGAGGCA	s515	TTCTAGCT	8
m8n711-s516	14887	729	n711	AAGAGGCA	s516	CCTAGAGT	8
m8n711-s517	14887	738	n711	AAGAGGCA	s517	GCGTAAGA	8
m8n711-s518	14887	749	n711	AAGAGGCA	s518	CTATTAAG	8
m8n711-s520	14887	762	n711	AAGAGGCA	s520	AAGGCTAT	8
m8n711-s521	14887	766	n711	AAGAGGCA	s521	GAGCCTTA	8
m8n711-s522	14887	775	n711	AAGAGGCA	s522	TTATGCGA	8
m8n712-s513	14887	786	n712	GTAGAGGA	s513	TCGACTAG	8
m8n712-s515	14887	796	n712	GTAGAGGA	s515	TTCTAGCT	8
m8n712-s516	14887	800	n712	GTAGAGGA	s516	CCTAGAGT	8
m8n712-s517	14887	801	n712	GTAGAGGA	s517	GCGTAAGA	8
m8n712-s518	14887	816	n712	GTAGAGGA	s518	CTATTAAG	8
m8n712-s520	14887	821	n712	GTAGAGGA	s520	AAGGCTAT	8
m8n712-s521	14887	825	n712	GTAGAGGA	s521	GAGCCTTA	8
m8n712-s522	14887	834	n712	GTAGAGGA	s522	TTATGCGA	8
m8n714-s513	14887	845	n714	GCTCATGA	s513	TCGACTAG	8
m8n714-s515	14887	849	n714	GCTCATGA	s515	TTCTAGCT	8
m8n714-s516	14887	859	n714	GCTCATGA	s516	CCTAGAGT	8
m8n714-s517	14887	866	n714	GCTCATGA	s517	GCGTAAGA	8
m8n714-s518	14887	873	n714	GCTCATGA	s518	CTATTAAG	8
m8n714-s520	14887	881	n714	GCTCATGA	s520	AAGGCTAT	8
m8n715-s513	14887	905	n715	ATCTCAGG	s513	TCGACTAG	8
m8n715-s515	14887	914	n715	ATCTCAGG	s515	TTCTAGCT	8
m8n715-s516	14887	920	n715	ATCTCAGG	s516	CCTAGAGT	8
m8n715-s517	14887	921	n715	ATCTCAGG	s517	GCGTAAGA	8
m8n715-s518	14887	930	n715	ATCTCAGG	s518	CTATTAAG	8
m8n715-s520	14887	940	n715	ATCTCAGG	s520	AAGGCTAT	8
m8n715-s521	14887	945	n715	ATCTCAGG	s521	GAGCCTTA	8
m8n715-s522	14887	956	n715	ATCTCAGG	s522	TTATGCGA	8
m8n716-s513	14887	962	n716	ACTCGCTA	s513	TCGACTAG	8
m8n716-s515	14887	969	n716	ACTCGCTA	s515	TTCTAGCT	8
m8n716-s516	14887	978	n716	ACTCGCTA	s516	CCTAGAGT	8
m8n716-s517	14887	988	n716	ACTCGCTA	s517	GCGTAAGA	8
m8n716-s518	14887	1002	n716	ACTCGCTA	s518	CTATTAAG	8
m8n716-s520	14887	1007	n716	ACTCGCTA	s520	AAGGCTAT	8
m8n716-s521	14887	1015	n716	ACTCGCTA	s521	GAGCCTTA	8
m8n716-s522	14887	1029	n716	ACTCGCTA	s522	TTATGCGA	8
m8n718-s513	14887	1039	n718	GGAGCTAC	s513	TCGACTAG	8
m8n718-s515	14887	1040	n718	GGAGCTAC	s515	TTCTAGCT	8
m8n718-s516	14887	1052	n718	GGAGCTAC	s516	CCTAGAGT	8
m8n718-s517	14887	1060	n718	GGAGCTAC	s517	GCGTAAGA	8
m8n718-s518	14887	1064	n718	GGAGCTAC	s518	CTATTAAG	8
m8n718-s520	14887	1074	n718	GGAGCTAC	s520	AAGGCTAT	8
m8n718-s521	14887	1101	n718	GGAGCTAC	s521	GAGCCTTA	8
m8n718-s522	14887	1106	n718	GGAGCTAC	s522	TTATGCGA	8
m8n719-s513	14887	1112	n719	GCGTAGTA	s513	TCGACTAG	8
m8n719-s515	14887	1125	n719	GCGTAGTA	s515	TTCTAGCT	8
m8n719-s516	14887	1133	n719	GCGTAGTA	s516	CCTAGAGT	8
m8n719-s517	14887	1136	n719	GCGTAGTA	s517	GCGTAAGA	8
m8n719-s518	14887	1137	n719	GCGTAGTA	s518	CTATTAAG	8
m8n719-s520	14887	1149	n719	GCGTAGTA	s520	AAGGCTAT	8
m8n719-s521	14887	1155	n719	GCGTAGTA	s521	GAGCCTTA	8
m8n719-s522	14887	1173	n719	GCGTAGTA	s522	TTATGCGA	8
m8n720-s513	14887	1180	n720	CGGAGCCT	s513	TCGACTAG	8
m8n720-s515	14887	1184	n720	CGGAGCCT	s515	TTCTAGCT	8
m8n720-s516	14887	1194	n720	CGGAGCCT	s516	CCTAGAGT	8
m8n720-s517	14887	1205	n720	CGGAGCCT	s517	GCGTAAGA	8
m8n720-s518	14887	1218	n720	CGGAGCCT	s518	CTATTAAG	8
m8n720-s520	14887	1229	n720	CGGAGCCT	s520	AAGGCTAT	8
m8n720-s521	14887	1234	n720	CGGAGCCT	s521	GAGCCTTA	8
m8n720-s522	14887	1242	n720	CGGAGCCT	s522	TTATGCGA	8
m8n721-s513	14887	1250	n721	TACGCTGC	s513	TCGACTAG	8
m8n721-s515	14887	1256	n721	TACGCTGC	s515	TTCTAGCT	8
m8n721-s516	14887	1265	n721	TACGCTGC	s516	CCTAGAGT	8
m8n721-s517	14887	1274	n721	TACGCTGC	s517	GCGTAAGA	8
m8n721-s518	14887	1290	n721	TACGCTGC	s518	CTATTAAG	8
m8n721-s520	14887	1293	n721	TACGCTGC	s520	AAGGCTAT	8
m8n721-s521	14887	1302	n721	TACGCTGC	s521	GAGCCTTA	8
m8n721-s522	14887	1315	n721	TACGCTGC	s522	TTATGCGA	8
m8n722-s513	14887	1338	n722	ATGCGCAG	s513	TCGACTAG	8
m8n722-s515	14887	1343	n722	ATGCGCAG	s515	TTCTAGCT	8
m8n701-s502	14890	0	n701	TAAGGCGA	s502	CTCTCTAT	8
m8n701-s503	14890	11	n701	TAAGGCGA	s503	TATCCTCT	8
m8n701-s505	14890	18	n701	TAAGGCGA	s505	GTAAGGAG	8
m8n701-s506	14890	29	n701	TAAGGCGA	s506	ACTGCATA	8
m8n701-s507	14890	43	n701	TAAGGCGA	s507	AAGGAGTA	8
m8n701-s508	14890	50	n701	TAAGGCGA	s508	CTAAGCCT	8
m8n701-s510	14890	57	n701	TAAGGCGA	s510	CGTCTAAT	8
m8n701-s511	14890	59	n701	TAAGGCGA	s511	TCTCTCCG	8
m8n702-s502	14890	69	n702	CGTACTAG	s502	CTCTCTAT	8
m8n702-s503	14890	75	n702	CGTACTAG	s503	TATCCTCT	8
m8n702-s505	14890	92	n702	CGTACTAG	s505	GTAAGGAG	8
m8n702-s506	14890	99	n702	CGTACTAG	s506	ACTGCATA	8
m8n702-s507	14890	106	n702	CGTACTAG	s507	AAGGAGTA	8
m8n702-s508	14890	118	n702	CGTACTAG	s508	CTAAGCCT	8
m8n702-s510	14890	124	n702	CGTACTAG	s510	CGTCTAAT	8
m8n702-s511	14890	130	n702	CGTACTAG	s511	TCTCTCCG	8
m8n703-s502	14890	138	n703	AGGCAGAA	s502	CTCTCTAT	8
m8n703-s503	14890	147	n703	AGGCAGAA	s503	TATCCTCT	8
m8n703-s505	14890	154	n703	AGGCAGAA	s505	GTAAGGAG	8
m8n703-s506	14890	162	n703	AGGCAGAA	s506	ACTGCATA	8
m8n703-s507	14890	170	n703	AGGCAGAA	s507	AAGGAGTA	8
m8n703-s508	14890	179	n703	AGGCAGAA	s508	CTAAGCCT	8
m8n703-s510	14890	186	n703	AGGCAGAA	s510	CGTCTAAT	8
m8n703-s511	14890	195	n703	AGGCAGAA	s511	TCTCTCCG	8
m8n704-s502	14890	203	n704	TCCTGAGC	s502	CTCTCTAT	8
m8n704-s503	14890	210	n704	TCCTGAGC	s503	TATCCTCT	8
m8n704-s505	14890	217	n704	TCCTGAGC	s505	GTAAGGAG	8
m8n704-s506	14890	225	n704	TCCTGAGC	s506	ACTGCATA	8
m8n704-s507	14890	235	n704	TCCTGAGC	s507	AAGGAGTA	8
m8n704-s508	14890	241	n704	TCCTGAGC	s508	CTAAGCCT	8
m8n704-s510	14890	247	n704	TCCTGAGC	s510	CGTCTAAT	8
m8n704-s511	14890	251	n704	TCCTGAGC	s511	TCTCTCCG	8
m8n705-s502	14890	263	n705	GGACTCCT	s502	CTCTCTAT	8
m8n705-s503	14890	269	n705	GGACTCCT	s503	TATCCTCT	8
m8n705-s505	14890	284	n705	GGACTCCT	s505	GTAAGGAG	8
m8n705-s506	14890	291	n705	GGACTCCT	s506	ACTGCATA	8
m8n705-s507	14890	299	n705	GGACTCCT	s507	AAGGAGTA	8
m8n705-s508	14890	306	n705	GGACTCCT	s508	CTAAGCCT	8
m8n705-s510	14890	319	n705	GGACTCCT	s510	CGTCTAAT	8
m8n705-s511	14890	322	n705	GGACTCCT	s511	TCTCTCCG	8
m8n706-s502	14890	331	n706	TAGGCATG	s502	CTCTCTAT	8
m8n706-s503	14890	338	n706	TAGGCATG	s503	TATCCTCT	8
m8n706-s505	14890	346	n706	TAGGCATG	s505	GTAAGGAG	8
m8n706-s506	14890	354	n706	TAGGCATG	s506	ACTGCATA	8
m8n706-s507	14890	360	n706	TAGGCATG	s507	AAGGAGTA	8
m8n706-s508	14890	366	n706	TAGGCATG	s508	CTAAGCCT	8
m8n706-s510	14890	380	n706	TAGGCATG	s510	CGTCTAAT	8
m8n706-s511	14890	386	n706	TAGGCATG	s511	TCTCTCCG	8
m8n707-s502	14890	391	n707	CTCTCTAC	s502	CTCTCTAT	8
m8n707-s503	14890	403	n707	CTCTCTAC	s503	TATCCTCT	8
m8n707-s505	14890	410	n707	CTCTCTAC	s505	GTAAGGAG	8
m8n707-s506	14890	419	n707	CTCTCTAC	s506	ACTGCATA	8
m8n707-s507	14890	429	n707	CTCTCTAC	s507	AAGGAGTA	8
m8n707-s508	14890	436	n707	CTCTCTAC	s508	CTAAGCCT	8
m8n707-s510	14890	443	n707	CTCTCTAC	s510	CGTCTAAT	8
m8n707-s511	14890	451	n707	CTCTCTAC	s511	TCTCTCCG	8
m8n710-s502	14890	457	n710	CGAGGCTG	s502	CTCTCTAT	8
m8n710-s503	14890	464	n710	CGAGGCTG	s503	TATCCTCT	8
m8n710-s505	14890	476	n710	CGAGGCTG	s505	GTAAGGAG	8
m8n710-s506	14890	482	n710	CGAGGCTG	s506	ACTGCATA	8
m8n710-s507	14890	498	n710	CGAGGCTG	s507	AAGGAGTA	8
m8n710-s508	14890	505	n710	CGAGGCTG	s508	CTAAGCCT	8
m8n710-s510	14890	512	n710	CGAGGCTG	s510	CGTCTAAT	8
m8n710-s511	14890	522	n710	CGAGGCTG	s511	TCTCTCCG	8
m8n711-s502	14890	528	n711	AAGAGGCA	s502	CTCTCTAT	8
m8n711-s503	14890	536	n711	AAGAGGCA	s503	TATCCTCT	8
m8n711-s505	14890	546	n711	AAGAGGCA	s505	GTAAGGAG	8
m8n711-s506	14890	552	n711	AAGAGGCA	s506	ACTGCATA	8
m8n711-s507	14890	560	n711	AAGAGGCA	s507	AAGGAGTA	8
m8n711-s508	14890	573	n711	AAGAGGCA	s508	CTAAGCCT	8
m8n711-s510	14890	581	n711	AAGAGGCA	s510	CGTCTAAT	8
m8n711-s511	14890	587	n711	AAGAGGCA	s511	TCTCTCCG	8
m8n712-s502	14890	596	n712	GTAGAGGA	s502	CTCTCTAT	8
m8n712-s503	14890	603	n712	GTAGAGGA	s503	TATCCTCT	8
m8n712-s505	14890	611	n712	GTAGAGGA	s505	GTAAGGAG	8
m8n712-s506	14890	621	n712	GTAGAGGA	s506	ACTGCATA	8
m8n712-s507	14890	627	n712	GTAGAGGA	s507	AAGGAGTA	8
m8n712-s508	14890	635	n712	GTAGAGGA	s508	CTAAGCCT	8
m8n712-s510	14890	645	n712	GTAGAGGA	s510	CGTCTAAT	8
m8n712-s511	14890	653	n712	GTAGAGGA	s511	TCTCTCCG	8
m8n714-s502	14890	659	n714	GCTCATGA	s502	CTCTCTAT	8
m8n714-s503	14890	666	n714	GCTCATGA	s503	TATCCTCT	8
m8n714-s505	14890	673	n714	GCTCATGA	s505	GTAAGGAG	8
m8n714-s506	14890	680	n714	GCTCATGA	s506	ACTGCATA	8
m8n714-s507	14890	690	n714	GCTCATGA	s507	AAGGAGTA	8
m8n714-s508	14890	699	n714	GCTCATGA	s508	CTAAGCCT	8
m8n715-s502	14890	705	n715	ATCTCAGG	s502	CTCTCTAT	8
m8n715-s503	14890	714	n715	ATCTCAGG	s503	TATCCTCT	8
m8n715-s505	14890	721	n715	ATCTCAGG	s505	GTAAGGAG	8
m8n715-s506	14890	730	n715	ATCTCAGG	s506	ACTGCATA	8
m8n715-s507	14890	739	n715	ATCTCAGG	s507	AAGGAGTA	8
m8n715-s508	14890	745	n715	ATCTCAGG	s508	CTAAGCCT	8
m8n715-s510	14890	754	n715	ATCTCAGG	s510	CGTCTAAT	8
m8n715-s511	14890	764	n715	ATCTCAGG	s511	TCTCTCCG	8
m8n716-s502	14890	771	n716	ACTCGCTA	s502	CTCTCTAT	8
m8n716-s503	14890	779	n716	ACTCGCTA	s503	TATCCTCT	8
m8n716-s505	14890	789	n716	ACTCGCTA	s505	GTAAGGAG	8
m8n716-s506	14890	795	n716	ACTCGCTA	s506	ACTGCATA	8
m8n716-s507	14890	802	n716	ACTCGCTA	s507	AAGGAGTA	8
m8n716-s508	14890	811	n716	ACTCGCTA	s508	CTAAGCCT	8
m8n716-s510	14890	818	n716	ACTCGCTA	s510	CGTCTAAT	8
m8n716-s511	14890	826	n716	ACTCGCTA	s511	TCTCTCCG	8
m8n718-s502	14890	834	n718	GGAGCTAC	s502	CTCTCTAT	8
m8n718-s503	14890	842	n718	GGAGCTAC	s503	TATCCTCT	8
m8n718-s505	14890	850	n718	GGAGCTAC	s505	GTAAGGAG	8
m8n718-s506	14890	859	n718	GGAGCTAC	s506	ACTGCATA	8
m8n718-s507	14890	867	n718	GGAGCTAC	s507	AAGGAGTA	8
m8n718-s508	14890	874	n718	GGAGCTAC	s508	CTAAGCCT	8
m8n718-s510	14890	882	n718	GGAGCTAC	s510	CGTCTAAT	8
m8n718-s511	14890	889	n718	GGAGCTAC	s511	TCTCTCCG	8
m8n719-s502	14890	898	n719	GCGTAGTA	s502	CTCTCTAT	8
m8n719-s503	14890	906	n719	GCGTAGTA	s503	TATCCTCT	8
m8n719-s505	14890	912	n719	GCGTAGTA	s505	GTAAGGAG	8
m8n719-s506	14890	918	n719	GCGTAGTA	s506	ACTGCATA	8
m8n719-s507	14890	1147	n719	GCGTAGTA	s507	AAGGAGTA	8
m8n719-s508	14890	1154	n719	GCGTAGTA	s508	CTAAGCCT	8
m8n719-s510	14890	1163	n719	GCGTAGTA	s510	CGTCTAAT	8
m8n719-s511	14890	1170	n719	GCGTAGTA	s511	TCTCTCCG	8
m8n720-s502	14890	1177	n720	CGGAGCCT	s502	CTCTCTAT	8
m8n720-s503	14890	1186	n720	CGGAGCCT	s503	TATCCTCT	8
m8n720-s505	14890	1195	n720	CGGAGCCT	s505	GTAAGGAG	8
m8n720-s506	14890	1205	n720	CGGAGCCT	s506	ACTGCATA	8
m8n720-s507	14890	1211	n720	CGGAGCCT	s507	AAGGAGTA	8
m8n720-s508	14890	1218	n720	CGGAGCCT	s508	CTAAGCCT	8
m8n720-s510	14890	1226	n720	CGGAGCCT	s510	CGTCTAAT	8
m8n720-s511	14890	1234	n720	CGGAGCCT	s511	TCTCTCCG	8
m8n721-s502	14890	1243	n721	TACGCTGC	s502	CTCTCTAT	8
m8n721-s503	14890	1249	n721	TACGCTGC	s503	TATCCTCT	8
m8n721-s505	14890	1258	n721	TACGCTGC	s505	GTAAGGAG	8
m8n721-s506	14890	1267	n721	TACGCTGC	s506	ACTGCATA	8
m8n721-s507	14890	1273	n721	TACGCTGC	s507	AAGGAGTA	8
m8n721-s508	14890	1283	n721	TACGCTGC	s508	CTAAGCCT	8
m8n721-s510	14890	1292	n721	TACGCTGC	s510	CGTCTAAT	8
m8n721-s511	14890	1298	n721	TACGCTGC	s511	TCTCTCCG	8
m8n722-s502	14890	1306	n722	ATGCGCAG	s502	CTCTCTAT	8
m8n722-s503	14890	1314	n722	ATGCGCAG	s503	TATCCTCT	8
m8n722-s505	14890	1324	n722	ATGCGCAG	s505	GTAAGGAG	8
m8n722-s506	14890	1331	n722	ATGCGCAG	s506	ACTGCATA	8
m8n722-s507	14890	1338	n722	ATGCGCAG	s507	AAGGAGTA	8
m8n722-s508	14890	1346	n722	ATGCGCAG	s508	CTAAGCCT	8
m8n722-s510	14890	1355	n722	ATGCGCAG	s510	CGTCTAAT	8
m8n722-s511	14890	1362	n722	ATGCGCAG	s511	TCTCTCCG	8
m8n723-s502	14890	1372	n723	TAGCGCTC	s502	CTCTCTAT	8
m8n723-s503	14890	1378	n723	TAGCGCTC	s503	TATCCTCT	8
m8n723-s505	14890	1386	n723	TAGCGCTC	s505	GTAAGGAG	8
m8n723-s506	14890	1393	n723	TAGCGCTC	s506	ACTGCATA	8
m8n723-s507	14890	1402	n723	TAGCGCTC	s507	AAGGAGTA	8
m8n723-s508	14890	1410	n723	TAGCGCTC	s508	CTAAGCCT	8
m8n723-s510	14890	1417	n723	TAGCGCTC	s510	CGTCTAAT	8
m8n723-s511	14890	1426	n723	TAGCGCTC	s511	TCTCTCCG	8
m8n724-s502	14890	1438	n724	ACTGAGCG	s502	CTCTCTAT	8
m8n724-s503	14890	1444	n724	ACTGAGCG	s503	TATCCTCT	8
m8n724-s505	14890	1450	n724	ACTGAGCG	s505	GTAAGGAG	8
m8n724-s506	14890	1460	n724	ACTGAGCG	s506	ACTGCATA	8
m8n724-s507	14890	1467	n724	ACTGAGCG	s507	AAGGAGTA	8
m8n724-s508	14890	1475	n724	ACTGAGCG	s508	CTAAGCCT	8
m8n724-s510	14890	1490	n724	ACTGAGCG	s510	CGTCTAAT	8
m8n724-s511	14890	1496	n724	ACTGAGCG	s511	TCTCTCCG	8
m8n726-s502	14890	1506	n726	CCTAAGAC	s502	CTCTCTAT	8
m8n726-s503	14890	1514	n726	CCTAAGAC	s503	TATCCTCT	8
m8n726-s505	14890	1522	n726	CCTAAGAC	s505	GTAAGGAG	8
m8n726-s506	14890	1530	n726	CCTAAGAC	s506	ACTGCATA	8
m8n726-s507	14890	1540	n726	CCTAAGAC	s507	AAGGAGTA	8
m8n726-s508	14890	1546	n726	CCTAAGAC	s508	CTAAGCCT	8
m8n726-s510	14890	1554	n726	CCTAAGAC	s510	CGTCTAAT	8
m8n726-s511	14890	1560	n726	CCTAAGAC	s511	TCTCTCCG	8
m27n718-s517	14895	0	n718	GGAGCTAC	s517	GCGTAAGA	27
m27n718-s518	14895	24	n718	GGAGCTAC	s518	CTATTAAG	27
m27n718-s520	14895	48	n718	GGAGCTAC	s520	AAGGCTAT	27
m27n718-s521	14895	72	n718	GGAGCTAC	s521	GAGCCTTA	27
m27n718-s522	14895	96	n718	GGAGCTAC	s522	TTATGCGA	27
m27n719-s513	14895	120	n719	GCGTAGTA	s513	TCGACTAG	27
m27n719-s515	14895	144	n719	GCGTAGTA	s515	TTCTAGCT	27
m27n719-s516	14895	168	n719	GCGTAGTA	s516	CCTAGAGT	27
m27n719-s517	14895	192	n719	GCGTAGTA	s517	GCGTAAGA	27
m27n719-s518	14895	216	n719	GCGTAGTA	s518	CTATTAAG	27
m27n719-s521	14895	240	n719	GCGTAGTA	s521	GAGCCTTA	27
m27n719-s522	14895	264	n719	GCGTAGTA	s522	TTATGCGA	27
m27n720-s513	14895	288	n720	CGGAGCCT	s513	TCGACTAG	27
m27n720-s515	14895	311	n720	CGGAGCCT	s515	TTCTAGCT	27
m27n720-s516	14895	336	n720	CGGAGCCT	s516	CCTAGAGT	27
m27n720-s517	14895	360	n720	CGGAGCCT	s517	GCGTAAGA	27
m27n720-s518	14895	384	n720	CGGAGCCT	s518	CTATTAAG	27
m27n720-s520	14895	408	n720	CGGAGCCT	s520	AAGGCTAT	27
m27n720-s521	14895	432	n720	CGGAGCCT	s521	GAGCCTTA	27
m27n720-s522	14895	456	n720	CGGAGCCT	s522	TTATGCGA	27
m27n721-s513	14895	480	n721	TACGCTGC	s513	TCGACTAG	27
m27n721-s515	14895	504	n721	TACGCTGC	s515	TTCTAGCT	27
m27n721-s516	14895	528	n721	TACGCTGC	s516	CCTAGAGT	27
m27n721-s518	14895	552	n721	TACGCTGC	s518	CTATTAAG	27
m27n721-s520	14895	576	n721	TACGCTGC	s520	AAGGCTAT	27
m27n721-s521	14895	600	n721	TACGCTGC	s521	GAGCCTTA	27
m27n721-s522	14895	624	n721	TACGCTGC	s522	TTATGCGA	27
m27n722-s516	14895	672	n722	ATGCGCAG	s516	CCTAGAGT	27
m27n722-s517	14895	696	n722	ATGCGCAG	s517	GCGTAAGA	27
m27n722-s518	14895	720	n722	ATGCGCAG	s518	CTATTAAG	27
m27n722-s520	14895	744	n722	ATGCGCAG	s520	AAGGCTAT	27
m27n722-s521	14895	768	n722	ATGCGCAG	s521	GAGCCTTA	27
m27n722-s522	14895	792	n722	ATGCGCAG	s522	TTATGCGA	27
m27n723-s513	14895	816	n723	TAGCGCTC	s513	TCGACTAG	27
m27n723-s516	14895	840	n723	TAGCGCTC	s516	CCTAGAGT	27
m27n723-s517	14895	864	n723	TAGCGCTC	s517	GCGTAAGA	27
m27n723-s518	14895	888	n723	TAGCGCTC	s518	CTATTAAG	27
m27n723-s521	14895	912	n723	TAGCGCTC	s521	GAGCCTTA	27
m27n723-s522	14895	936	n723	TAGCGCTC	s522	TTATGCGA	27
m27n724-s513	14895	960	n724	ACTGAGCG	s513	TCGACTAG	27
m27n724-s515	14895	984	n724	ACTGAGCG	s515	TTCTAGCT	27
m27n724-s516	14895	1008	n724	ACTGAGCG	s516	CCTAGAGT	27
m27n724-s517	14895	1032	n724	ACTGAGCG	s517	GCGTAAGA	27
m27n724-s518	14895	1056	n724	ACTGAGCG	s518	CTATTAAG	27
m27n724-s520	14895	1080	n724	ACTGAGCG	s520	AAGGCTAT	27
m27n724-s521	14895	1104	n724	ACTGAGCG	s521	GAGCCTTA	27
m27n724-s522	14895	1128	n724	ACTGAGCG	s522	TTATGCGA	27
m27n726-s513	14895	1152	n726	CCTAAGAC	s513	TCGACTAG	27
m27n726-s515	14895	1181	n726	CCTAAGAC	s515	TTCTAGCT	27
m27n726-s516	14895	1200	n726	CCTAAGAC	s516	CCTAGAGT	27
m27n726-s517	14895	1224	n726	CCTAAGAC	s517	GCGTAAGA	27
m27n726-s520	14895	1248	n726	CCTAAGAC	s520	AAGGCTAT	27
m27n726-s521	14895	1272	n726	CCTAAGAC	s521	GAGCCTTA	27
m27n726-s522	14895	1296	n726	CCTAAGAC	s522	TTATGCGA	27
m27n710-s508	14907	0	n710	CGAGGCTG	s508	CTAAGCCT	27
m27n710-s510	14907	16	n710	CGAGGCTG	s510	CGTCTAAT	27
m27n710-s511	14907	40	n710	CGAGGCTG	s511	TCTCTCCG	27
m27n711-s502	14907	65	n711	AAGAGGCA	s502	CTCTCTAT	27
m27n711-s503	14907	89	n711	AAGAGGCA	s503	TATCCTCT	27
m27n711-s505	14907	113	n711	AAGAGGCA	s505	GTAAGGAG	27
m27n711-s506	14907	137	n711	AAGAGGCA	s506	ACTGCATA	27
m27n711-s508	14907	161	n711	AAGAGGCA	s508	CTAAGCCT	27
m27n711-s510	14907	185	n711	AAGAGGCA	s510	CGTCTAAT	27
m27n711-s511	14907	209	n711	AAGAGGCA	s511	TCTCTCCG	27
m27n712-s502	14907	233	n712	GTAGAGGA	s502	CTCTCTAT	27
m27n712-s503	14907	257	n712	GTAGAGGA	s503	TATCCTCT	27
m27n712-s505	14907	281	n712	GTAGAGGA	s505	GTAAGGAG	27
m27n712-s506	14907	305	n712	GTAGAGGA	s506	ACTGCATA	27
m27n712-s507	14907	329	n712	GTAGAGGA	s507	AAGGAGTA	27
m27n712-s508	14907	377	n712	GTAGAGGA	s508	CTAAGCCT	27
m27n712-s510	14907	401	n712	GTAGAGGA	s510	CGTCTAAT	27
m27n712-s511	14907	425	n712	GTAGAGGA	s511	TCTCTCCG	27
m27n714-s502	14907	449	n714	GCTCATGA	s502	CTCTCTAT	27
m27n714-s503	14907	473	n714	GCTCATGA	s503	TATCCTCT	27
m27n714-s506	14907	497	n714	GCTCATGA	s506	ACTGCATA	27
m27n714-s507	14907	521	n714	GCTCATGA	s507	AAGGAGTA	27
m27n714-s508	14907	545	n714	GCTCATGA	s508	CTAAGCCT	27
m27n714-s510	14907	569	n714	GCTCATGA	s510	CGTCTAAT	27
m27n714-s511	14907	593	n714	GCTCATGA	s511	TCTCTCCG	27
m27n715-s502	14907	617	n715	ATCTCAGG	s502	CTCTCTAT	27
m27n715-s503	14907	641	n715	ATCTCAGG	s503	TATCCTCT	27
m27n715-s505	14907	665	n715	ATCTCAGG	s505	GTAAGGAG	27
m27n715-s506	14907	713	n715	ATCTCAGG	s506	ACTGCATA	27
m27n715-s507	14907	737	n715	ATCTCAGG	s507	AAGGAGTA	27
m27n715-s508	14907	761	n715	ATCTCAGG	s508	CTAAGCCT	27
m27n715-s510	14907	785	n715	ATCTCAGG	s510	CGTCTAAT	27
m27n715-s511	14907	809	n715	ATCTCAGG	s511	TCTCTCCG	27
m27n716-s502	14907	833	n716	ACTCGCTA	s502	CTCTCTAT	27
m27n716-s503	14907	857	n716	ACTCGCTA	s503	TATCCTCT	27
m27n716-s505	14907	881	n716	ACTCGCTA	s505	GTAAGGAG	27
m27n716-s506	14907	905	n716	ACTCGCTA	s506	ACTGCATA	27
m27n716-s507	14907	929	n716	ACTCGCTA	s507	AAGGAGTA	27
m27n716-s508	14907	953	n716	ACTCGCTA	s508	CTAAGCCT	27
m27n716-s511	14907	1001	n716	ACTCGCTA	s511	TCTCTCCG	27
m27n718-s502	14907	1025	n718	GGAGCTAC	s502	CTCTCTAT	27
m27n718-s503	14907	1049	n718	GGAGCTAC	s503	TATCCTCT	27
m27n718-s506	14907	1073	n718	GGAGCTAC	s506	ACTGCATA	27
m27n718-s507	14907	1097	n718	GGAGCTAC	s507	AAGGAGTA	27
m27n718-s508	14907	1121	n718	GGAGCTAC	s508	CTAAGCCT	27
m27n718-s510	14907	1145	n718	GGAGCTAC	s510	CGTCTAAT	27
m27n718-s511	14907	1169	n718	GGAGCTAC	s511	TCTCTCCG	27
m27n719-s502	14907	1193	n719	GCGTAGTA	s502	CTCTCTAT	27
m27n719-s503	14907	1217	n719	GCGTAGTA	s503	TATCCTCT	27
m27n719-s505	14907	1241	n719	GCGTAGTA	s505	GTAAGGAG	27
m27n719-s506	14907	1265	n719	GCGTAGTA	s506	ACTGCATA	27
m27n719-s507	14907	1289	n719	GCGTAGTA	s507	AAGGAGTA	27
m27n719-s510	14907	1313	n719	GCGTAGTA	s510	CGTCTAAT	27
m27n719-s511	14907	1337	n719	GCGTAGTA	s511	TCTCTCCG	27
m27n720-s502	14907	1361	n720	CGGAGCCT	s502	CTCTCTAT	27
m27n720-s503	14907	1385	n720	CGGAGCCT	s503	TATCCTCT	27
m29n729-s503	15000	0	n729	TCGACGTC	s503	TATCCTCT	29
m29n729-s505	15000	19	n729	TCGACGTC	s505	GTAAGGAG	29
m29n729-s506	15000	43	n729	TCGACGTC	s506	ACTGCATA	29
m29n729-s507	15000	67	n729	TCGACGTC	s507	AAGGAGTA	29
m29n729-s508	15000	90	n729	TCGACGTC	s508	CTAAGCCT	29
m29n729-s510	15000	113	n729	TCGACGTC	s510	CGTCTAAT	29
m29n729-s511	15000	138	n729	TCGACGTC	s511	TCTCTCCG	29
m29n701-s513	15000	161	n701	TAAGGCGA	s513	TCGACTAG	29
m29n701-s515	15000	188	n701	TAAGGCGA	s515	TTCTAGCT	29
m29n701-s516	15000	224	n701	TAAGGCGA	s516	CCTAGAGT	29
m29n701-s517	15000	234	n701	TAAGGCGA	s517	GCGTAAGA	29
m29n701-s518	15000	257	n701	TAAGGCGA	s518	CTATTAAG	29
m29n701-s520	15000	283	n701	TAAGGCGA	s520	AAGGCTAT	29
m29n701-s521	15000	308	n701	TAAGGCGA	s521	GAGCCTTA	29
m29n701-s522	15000	329	n701	TAAGGCGA	s522	TTATGCGA	29
m29n702-s513	15000	361	n702	CGTACTAG	s513	TCGACTAG	29
m29n702-s515	15000	380	n702	CGTACTAG	s515	TTCTAGCT	29
m29n702-s517	15000	401	n702	CGTACTAG	s517	GCGTAAGA	29
m29n702-s518	15000	428	n702	CGTACTAG	s518	CTATTAAG	29
m29n702-s520	15000	451	n702	CGTACTAG	s520	AAGGCTAT	29
m29n702-s521	15000	476	n702	CGTACTAG	s521	GAGCCTTA	29
m29n702-s522	15000	500	n702	CGTACTAG	s522	TTATGCGA	29
m29n703-s513	15000	523	n703	AGGCAGAA	s513	TCGACTAG	29
m29n703-s515	15000	548	n703	AGGCAGAA	s515	TTCTAGCT	29
m29n703-s516	15000	569	n703	AGGCAGAA	s516	CCTAGAGT	29
m29n703-s517	15000	593	n703	AGGCAGAA	s517	GCGTAAGA	29
m29n703-s518	15000	618	n703	AGGCAGAA	s518	CTATTAAG	29
m29n703-s521	15000	649	n703	AGGCAGAA	s521	GAGCCTTA	29
m29n703-s522	15000	665	n703	AGGCAGAA	s522	TTATGCGA	29
m29n704-s513	15000	691	n704	TCCTGAGC	s513	TCGACTAG	29
m29n704-s515	15000	721	n704	TCCTGAGC	s515	TTCTAGCT	29
m29n704-s516	15000	737	n704	TCCTGAGC	s516	CCTAGAGT	29
m29n704-s517	15000	760	n704	TCCTGAGC	s517	GCGTAAGA	29
m29n704-s518	15000	787	n704	TCCTGAGC	s518	CTATTAAG	29
m29n704-s520	15000	809	n704	TCCTGAGC	s520	AAGGCTAT	29
m29n704-s521	15000	835	n704	TCCTGAGC	s521	GAGCCTTA	29
m29n704-s522	15000	857	n704	TCCTGAGC	s522	TTATGCGA	29
m29n705-s513	15000	883	n705	GGACTCCT	s513	TCGACTAG	29
m29n705-s515	15000	907	n705	GGACTCCT	s515	TTCTAGCT	29
m29n705-s516	15000	931	n705	GGACTCCT	s516	CCTAGAGT	29
m29n705-s518	15000	954	n705	GGACTCCT	s518	CTATTAAG	29
m29n705-s520	15000	979	n705	GGACTCCT	s520	AAGGCTAT	29
m29n705-s521	15000	1001	n705	GGACTCCT	s521	GAGCCTTA	29
m29n705-s522	15000	1027	n705	GGACTCCT	s522	TTATGCGA	29
m29n706-s513	15000	1049	n706	TAGGCATG	s513	TCGACTAG	29
m29n706-s515	15000	1073	n706	TAGGCATG	s515	TTCTAGCT	29
m29n706-s516	15000	1097	n706	TAGGCATG	s516	CCTAGAGT	29
m29n706-s517	15000	1121	n706	TAGGCATG	s517	GCGTAAGA	29
m29n706-s518	15000	1145	n706	TAGGCATG	s518	CTATTAAG	29
m29n706-s520	15000	1181	n706	TAGGCATG	s520	AAGGCTAT	29
m29n706-s521	15000	1193	n706	TAGGCATG	s521	GAGCCTTA	29
m29n706-s522	15000	1219	n706	TAGGCATG	s522	TTATGCGA	29
m29n707-s513	15000	1241	n707	CTCTCTAC	s513	TCGACTAG	29
m29n707-s516	15000	1264	n707	CTCTCTAC	s516	CCTAGAGT	29
m28n716-s502	15018	0	n716	ACTCGCTA	s502	CTCTCTAT	28
m28n716-s503	15018	20	n716	ACTCGCTA	s503	TATCCTCT	28
m28n716-s505	15018	52	n716	ACTCGCTA	s505	GTAAGGAG	28
m28n716-s506	15018	66	n716	ACTCGCTA	s506	ACTGCATA	28
m28n716-s507	15018	93	n716	ACTCGCTA	s507	AAGGAGTA	28
m28n716-s508	15018	117	n716	ACTCGCTA	s508	CTAAGCCT	28
m28n716-s510	15018	137	n716	ACTCGCTA	s510	CGTCTAAT	28
m28n716-s511	15018	161	n716	ACTCGCTA	s511	TCTCTCCG	28
m28n718-s502	15018	185	n718	GGAGCTAC	s502	CTCTCTAT	28
m28n718-s503	15018	214	n718	GGAGCTAC	s503	TATCCTCT	28
m28n718-s506	15018	237	n718	GGAGCTAC	s506	ACTGCATA	28
m28n718-s507	15018	257	n718	GGAGCTAC	s507	AAGGAGTA	28
m28n718-s508	15018	281	n718	GGAGCTAC	s508	CTAAGCCT	28
m28n718-s510	15018	305	n718	GGAGCTAC	s510	CGTCTAAT	28
m28n718-s511	15018	333	n718	GGAGCTAC	s511	TCTCTCCG	28
m28n719-s502	15018	357	n719	GCGTAGTA	s502	CTCTCTAT	28
m28n719-s503	15018	377	n719	GCGTAGTA	s503	TATCCTCT	28
m28n719-s505	15018	401	n719	GCGTAGTA	s505	GTAAGGAG	28
m28n719-s506	15018	429	n719	GCGTAGTA	s506	ACTGCATA	28
m28n719-s507	15018	453	n719	GCGTAGTA	s507	AAGGAGTA	28
m28n719-s510	15018	473	n719	GCGTAGTA	s510	CGTCTAAT	28
m28n719-s511	15018	497	n719	GCGTAGTA	s511	TCTCTCCG	28
m28n720-s502	15018	522	n720	CGGAGCCT	s502	CTCTCTAT	28
m28n720-s503	15018	549	n720	CGGAGCCT	s503	TATCCTCT	28
m28n720-s505	15018	573	n720	CGGAGCCT	s505	GTAAGGAG	28
m28n720-s506	15018	594	n720	CGGAGCCT	s506	ACTGCATA	28
m28n720-s507	15018	618	n720	CGGAGCCT	s507	AAGGAGTA	28
m28n720-s508	15018	642	n720	CGGAGCCT	s508	CTAAGCCT	28
m28n720-s510	15018	669	n720	CGGAGCCT	s510	CGTCTAAT	28
m28n720-s511	15018	691	n720	CGGAGCCT	s511	TCTCTCCG	28
m28n721-s502	15018	717	n721	TACGCTGC	s502	CTCTCTAT	28
m28n721-s503	15018	737	n721	TACGCTGC	s503	TATCCTCT	28
m28n721-s505	15018	764	n721	TACGCTGC	s505	GTAAGGAG	28
m28n721-s508	15018	809	n721	TACGCTGC	s508	CTAAGCCT	28
m28n721-s510	15018	833	n721	TACGCTGC	s510	CGTCTAAT	28
m28n721-s511	15018	857	n721	TACGCTGC	s511	TCTCTCCG	28
m28n722-s502	15018	883	n722	ATGCGCAG	s502	CTCTCTAT	28
m28n722-s503	15018	908	n722	ATGCGCAG	s503	TATCCTCT	28
m28n722-s505	15018	929	n722	ATGCGCAG	s505	GTAAGGAG	28
m28n722-s506	15018	954	n722	ATGCGCAG	s506	ACTGCATA	28
m28n722-s507	15018	977	n722	ATGCGCAG	s507	AAGGAGTA	28
m28n722-s508	15018	1004	n722	ATGCGCAG	s508	CTAAGCCT	28
m28n722-s510	15018	1029	n722	ATGCGCAG	s510	CGTCTAAT	28
m28n722-s511	15018	1049	n722	ATGCGCAG	s511	TCTCTCCG	28
m28n723-s502	15018	1074	n723	TAGCGCTC	s502	CTCTCTAT	28
m28n723-s505	15018	1101	n723	TAGCGCTC	s505	GTAAGGAG	28
m28n723-s506	15018	1127	n723	TAGCGCTC	s506	ACTGCATA	28
m28n723-s507	15018	1146	n723	TAGCGCTC	s507	AAGGAGTA	28
m28n723-s510	15018	1169	n723	TAGCGCTC	s510	CGTCTAAT	28
m28n723-s511	15018	1194	n723	TAGCGCTC	s511	TCTCTCCG	28
m28n724-s502	15018	1220	n724	ACTGAGCG	s502	CTCTCTAT	28
m28n724-s503	15018	1245	n724	ACTGAGCG	s503	TATCCTCT	28
m28n724-s505	15018	1266	n724	ACTGAGCG	s505	GTAAGGAG	28
m28n724-s506	15018	1290	n724	ACTGAGCG	s506	ACTGCATA	28
m28n724-s507	15018	1313	n724	ACTGAGCG	s507	AAGGAGTA	28
m28n724-s508	15018	1340	n724	ACTGAGCG	s508	CTAAGCCT	28
m27n706-s522	15027	0	n706	TAGGCATG	s522	TTATGCGA	27
m27n707-s513	15027	44	n707	CTCTCTAC	s513	TCGACTAG	27
m27n707-s516	15027	66	n707	CTCTCTAC	s516	CCTAGAGT	27
m27n707-s517	15027	85	n707	CTCTCTAC	s517	GCGTAAGA	27
m27n707-s518	15027	110	n707	CTCTCTAC	s518	CTATTAAG	27
m27n707-s521	15027	133	n707	CTCTCTAC	s521	GAGCCTTA	27
m27n707-s522	15027	181	n707	CTCTCTAC	s522	TTATGCGA	27
m27n710-s513	15027	208	n710	CGAGGCTG	s513	TCGACTAG	27
m27n710-s515	15027	232	n710	CGAGGCTG	s515	TTCTAGCT	27
m27n710-s516	15027	253	n710	CGAGGCTG	s516	CCTAGAGT	27
m27n710-s517	15027	277	n710	CGAGGCTG	s517	GCGTAAGA	27
m27n710-s518	15027	301	n710	CGAGGCTG	s518	CTATTAAG	27
m27n710-s520	15027	325	n710	CGAGGCTG	s520	AAGGCTAT	27
m27n710-s521	15027	349	n710	CGAGGCTG	s521	GAGCCTTA	27
m27n710-s522	15027	376	n710	CGAGGCTG	s522	TTATGCGA	27
m27n711-s513	15027	400	n711	AAGAGGCA	s513	TCGACTAG	27
m27n711-s515	15027	421	n711	AAGAGGCA	s515	TTCTAGCT	27
m27n711-s516	15027	446	n711	AAGAGGCA	s516	CCTAGAGT	27
m27n711-s517	15027	469	n711	AAGAGGCA	s517	GCGTAAGA	27
m27n711-s520	15027	496	n711	AAGAGGCA	s520	AAGGCTAT	27
m27n711-s521	15027	520	n711	AAGAGGCA	s521	GAGCCTTA	27
m27n711-s522	15027	548	n711	AAGAGGCA	s522	TTATGCGA	27
m27n712-s513	15027	575	n712	GTAGAGGA	s513	TCGACTAG	27
m27n712-s515	15027	604	n712	GTAGAGGA	s515	TTCTAGCT	27
m27n712-s516	15027	614	n712	GTAGAGGA	s516	CCTAGAGT	27
m27n712-s517	15027	638	n712	GTAGAGGA	s517	GCGTAAGA	27
m27n712-s518	15027	662	n712	GTAGAGGA	s518	CTATTAAG	27
m27n712-s520	15027	781	n712	GTAGAGGA	s520	AAGGCTAT	27
m27n712-s521	15027	806	n712	GTAGAGGA	s521	GAGCCTTA	27
m27n712-s522	15027	830	n712	GTAGAGGA	s522	TTATGCGA	27
m27n714-s513	15027	854	n714	GCTCATGA	s513	TCGACTAG	27
m27n714-s515	15027	879	n714	GCTCATGA	s515	TTCTAGCT	27
m27n714-s517	15027	904	n714	GCTCATGA	s517	GCGTAAGA	27
m27n714-s518	15027	926	n714	GCTCATGA	s518	CTATTAAG	27
m27n714-s520	15027	950	n714	GCTCATGA	s520	AAGGCTAT	27
m27n714-s521	15027	973	n714	GCTCATGA	s521	GAGCCTTA	27
m27n714-s522	15027	997	n714	GCTCATGA	s522	TTATGCGA	27
m27n715-s513	15027	1021	n715	ATCTCAGG	s513	TCGACTAG	27
m27n715-s515	15027	1049	n715	ATCTCAGG	s515	TTCTAGCT	27
m27n715-s516	15027	1084	n715	ATCTCAGG	s516	CCTAGAGT	27
m27n715-s517	15027	1093	n715	ATCTCAGG	s517	GCGTAAGA	27
m27n715-s518	15027	1120	n715	ATCTCAGG	s518	CTATTAAG	27
m27n715-s520	15027	1144	n715	ATCTCAGG	s520	AAGGCTAT	27
m27n715-s521	15027	1167	n715	ATCTCAGG	s521	GAGCCTTA	27
m27n715-s522	15027	1193	n715	ATCTCAGG	s522	TTATGCGA	27
m27n716-s513	15027	1218	n716	ACTCGCTA	s513	TCGACTAG	27
m27n716-s515	15027	1254	n716	ACTCGCTA	s515	TTCTAGCT	27
m27n716-s516	15027	1267	n716	ACTCGCTA	s516	CCTAGAGT	27
m27n716-s517	15027	1290	n716	ACTCGCTA	s517	GCGTAAGA	27
m27n716-s518	15027	1320	n716	ACTCGCTA	s518	CTATTAAG	27
m27n716-s520	15027	1336	n716	ACTCGCTA	s520	AAGGCTAT	27
m27n716-s521	15027	1362	n716	ACTCGCTA	s521	GAGCCTTA	27
m27n716-s522	15027	1377	n716	ACTCGCTA	s522	TTATGCGA	27
m27n718-s513	15027	1410	n718	GGAGCTAC	s513	TCGACTAG	27
m27n718-s515	15027	1429	n718	GGAGCTAC	s515	TTCTAGCT	27
m29n710-s508	15042	0	n710	CGAGGCTG	s508	CTAAGCCT	29
m29n710-s510	15042	24	n710	CGAGGCTG	s510	CGTCTAAT	29
m29n710-s511	15042	46	n710	CGAGGCTG	s511	TCTCTCCG	29
m29n711-s502	15042	72	n711	AAGAGGCA	s502	CTCTCTAT	29
m29n711-s503	15042	97	n711	AAGAGGCA	s503	TATCCTCT	29
m29n711-s505	15042	118	n711	AAGAGGCA	s505	GTAAGGAG	29
m29n711-s506	15042	144	n711	AAGAGGCA	s506	ACTGCATA	29
m29n711-s508	15042	168	n711	AAGAGGCA	s508	CTAAGCCT	29
m29n711-s510	15042	190	n711	AAGAGGCA	s510	CGTCTAAT	29
m29n711-s511	15042	215	n711	AAGAGGCA	s511	TCTCTCCG	29
m29n712-s502	15042	239	n712	GTAGAGGA	s502	CTCTCTAT	29
m29n712-s503	15042	263	n712	GTAGAGGA	s503	TATCCTCT	29
m29n712-s505	15042	289	n712	GTAGAGGA	s505	GTAAGGAG	29
m29n712-s506	15042	310	n712	GTAGAGGA	s506	ACTGCATA	29
m29n712-s507	15042	334	n712	GTAGAGGA	s507	AAGGAGTA	29
m29n712-s508	15042	360	n712	GTAGAGGA	s508	CTAAGCCT	29
m29n712-s510	15042	382	n712	GTAGAGGA	s510	CGTCTAAT	29
m29n712-s511	15042	406	n712	GTAGAGGA	s511	TCTCTCCG	29
m29n714-s502	15042	432	n714	GCTCATGA	s502	CTCTCTAT	29
m29n714-s503	15042	454	n714	GCTCATGA	s503	TATCCTCT	29
m29n714-s506	15042	481	n714	GCTCATGA	s506	ACTGCATA	29
m29n714-s507	15042	502	n714	GCTCATGA	s507	AAGGAGTA	29
m29n714-s508	15042	525	n714	GCTCATGA	s508	CTAAGCCT	29
m29n714-s510	15042	551	n714	GCTCATGA	s510	CGTCTAAT	29
m29n714-s511	15042	575	n714	GCTCATGA	s511	TCTCTCCG	29
m29n715-s502	15042	598	n715	ATCTCAGG	s502	CTCTCTAT	29
m29n715-s503	15042	621	n715	ATCTCAGG	s503	TATCCTCT	29
m29n715-s505	15042	647	n715	ATCTCAGG	s505	GTAAGGAG	29
m29n715-s506	15042	669	n715	ATCTCAGG	s506	ACTGCATA	29
m29n715-s507	15042	695	n715	ATCTCAGG	s507	AAGGAGTA	29
m29n715-s508	15042	718	n715	ATCTCAGG	s508	CTAAGCCT	29
m29n715-s510	15042	743	n715	ATCTCAGG	s510	CGTCTAAT	29
m29n715-s511	15042	766	n715	ATCTCAGG	s511	TCTCTCCG	29
m29n716-s502	15042	789	n716	ACTCGCTA	s502	CTCTCTAT	29
m29n716-s503	15042	815	n716	ACTCGCTA	s503	TATCCTCT	29
m29n716-s505	15042	840	n716	ACTCGCTA	s505	GTAAGGAG	29
m29n716-s506	15042	865	n716	ACTCGCTA	s506	ACTGCATA	29
m29n716-s507	15042	890	n716	ACTCGCTA	s507	AAGGAGTA	29
m29n716-s508	15042	912	n716	ACTCGCTA	s508	CTAAGCCT	29
m29n716-s510	15042	936	n716	ACTCGCTA	s510	CGTCTAAT	29
m29n716-s511	15042	958	n716	ACTCGCTA	s511	TCTCTCCG	29
m29n718-s502	15042	983	n718	GGAGCTAC	s502	CTCTCTAT	29
m29n718-s503	15042	1006	n718	GGAGCTAC	s503	TATCCTCT	29
m29n718-s506	15042	1030	n718	GGAGCTAC	s506	ACTGCATA	29
m29n718-s507	15042	1055	n718	GGAGCTAC	s507	AAGGAGTA	29
m29n718-s508	15042	1080	n718	GGAGCTAC	s508	CTAAGCCT	29
m29n718-s510	15042	1105	n718	GGAGCTAC	s510	CGTCTAAT	29
m29n718-s511	15042	1127	n718	GGAGCTAC	s511	TCTCTCCG	29
m29n719-s502	15042	1153	n719	GCGTAGTA	s502	CTCTCTAT	29
m29n719-s503	15042	1178	n719	GCGTAGTA	s503	TATCCTCT	29
m29n719-s505	15042	1201	n719	GCGTAGTA	s505	GTAAGGAG	29
m29n719-s506	15042	1223	n719	GCGTAGTA	s506	ACTGCATA	29
m29n719-s507	15042	1247	n719	GCGTAGTA	s507	AAGGAGTA	29
m29n719-s510	15042	1274	n719	GCGTAGTA	s510	CGTCTAAT	29
m29n719-s511	15042	1297	n719	GCGTAGTA	s511	TCTCTCCG	29
m29n720-s502	15042	1321	n720	CGGAGCCT	s502	CTCTCTAT	29
m28n704-s506	15050	0	n704	TCCTGAGC	s506	ACTGCATA	28
m28n704-s507	15050	18	n704	TCCTGAGC	s507	AAGGAGTA	28
m28n704-s508	15050	41	n704	TCCTGAGC	s508	CTAAGCCT	28
m28n704-s510	15050	70	n704	TCCTGAGC	s510	CGTCTAAT	28
m28n704-s511	15050	96	n704	TCCTGAGC	s511	TCTCTCCG	28
m28n705-s502	15050	116	n705	GGACTCCT	s502	CTCTCTAT	28
m28n705-s503	15050	141	n705	GGACTCCT	s503	TATCCTCT	28
m28n705-s505	15050	166	n705	GGACTCCT	s505	GTAAGGAG	28
m28n705-s507	15050	191	n705	GGACTCCT	s507	AAGGAGTA	28
m28n705-s508	15050	216	n705	GGACTCCT	s508	CTAAGCCT	28
m28n705-s510	15050	239	n705	GGACTCCT	s510	CGTCTAAT	28
m28n705-s511	15050	260	n705	GGACTCCT	s511	TCTCTCCG	28
m28n706-s502	15050	287	n706	TAGGCATG	s502	CTCTCTAT	28
m28n706-s503	15050	305	n706	TAGGCATG	s503	TATCCTCT	28
m28n706-s505	15050	332	n706	TAGGCATG	s505	GTAAGGAG	28
m28n706-s506	15050	356	n706	TAGGCATG	s506	ACTGCATA	28
m28n706-s507	15050	380	n706	TAGGCATG	s507	AAGGAGTA	28
m28n706-s508	15050	407	n706	TAGGCATG	s508	CTAAGCCT	28
m28n706-s510	15050	428	n706	TAGGCATG	s510	CGTCTAAT	28
m28n706-s511	15050	453	n706	TAGGCATG	s511	TCTCTCCG	28
m28n707-s502	15050	480	n707	CTCTCTAC	s502	CTCTCTAT	28
m28n707-s505	15050	500	n707	CTCTCTAC	s505	GTAAGGAG	28
m28n707-s506	15050	524	n707	CTCTCTAC	s506	ACTGCATA	28
m28n707-s507	15050	548	n707	CTCTCTAC	s507	AAGGAGTA	28
m28n707-s510	15050	572	n707	CTCTCTAC	s510	CGTCTAAT	28
m28n707-s511	15050	596	n707	CTCTCTAC	s511	TCTCTCCG	28
m28n710-s502	15050	620	n710	CGAGGCTG	s502	CTCTCTAT	28
m28n710-s503	15050	648	n710	CGAGGCTG	s503	TATCCTCT	28
m28n710-s505	15050	668	n710	CGAGGCTG	s505	GTAAGGAG	28
m28n710-s506	15050	702	n710	CGAGGCTG	s506	ACTGCATA	28
m28n710-s507	15050	716	n710	CGAGGCTG	s507	AAGGAGTA	28
m28n710-s508	15050	746	n710	CGAGGCTG	s508	CTAAGCCT	28
m28n710-s510	15050	765	n710	CGAGGCTG	s510	CGTCTAAT	28
m28n710-s511	15050	798	n710	CGAGGCTG	s511	TCTCTCCG	28
m28n711-s502	15050	812	n711	AAGAGGCA	s502	CTCTCTAT	28
m28n711-s503	15050	837	n711	AAGAGGCA	s503	TATCCTCT	28
m28n711-s505	15050	861	n711	AAGAGGCA	s505	GTAAGGAG	28
m28n711-s506	15050	884	n711	AAGAGGCA	s506	ACTGCATA	28
m28n711-s508	15050	905	n711	AAGAGGCA	s508	CTAAGCCT	28
m28n711-s510	15050	932	n711	AAGAGGCA	s510	CGTCTAAT	28
m28n711-s511	15050	957	n711	AAGAGGCA	s511	TCTCTCCG	28
m28n712-s502	15050	978	n712	GTAGAGGA	s502	CTCTCTAT	28
m28n712-s503	15050	1002	n712	GTAGAGGA	s503	TATCCTCT	28
m28n712-s505	15050	1028	n712	GTAGAGGA	s505	GTAAGGAG	28
m28n712-s506	15050	1050	n712	GTAGAGGA	s506	ACTGCATA	28
m28n712-s507	15050	1076	n712	GTAGAGGA	s507	AAGGAGTA	28
m28n712-s508	15050	1099	n712	GTAGAGGA	s508	CTAAGCCT	28
m28n712-s510	15050	1124	n712	GTAGAGGA	s510	CGTCTAAT	28
m28n712-s511	15050	1146	n712	GTAGAGGA	s511	TCTCTCCG	28
m28n714-s502	15050	1170	n714	GCTCATGA	s502	CTCTCTAT	28
m28n714-s503	15050	1196	n714	GCTCATGA	s503	TATCCTCT	28
m28n714-s506	15050	1218	n714	GCTCATGA	s506	ACTGCATA	28
m28n714-s507	15050	1242	n714	GCTCATGA	s507	AAGGAGTA	28
m28n714-s508	15050	1268	n714	GCTCATGA	s508	CTAAGCCT	28
m28n714-s510	15050	1292	n714	GCTCATGA	s510	CGTCTAAT	28
m28n714-s511	15050	1316	n714	GCTCATGA	s511	TCTCTCCG	28
m28n715-s502	15050	1340	n715	ATCTCAGG	s502	CTCTCTAT	28
m29n720-s503	15052	0	n720	CGGAGCCT	s503	TATCCTCT	29
m29n720-s505	15052	20	n720	CGGAGCCT	s505	GTAAGGAG	29
m29n720-s506	15052	45	n720	CGGAGCCT	s506	ACTGCATA	29
m29n720-s507	15052	69	n720	CGGAGCCT	s507	AAGGAGTA	29
m29n720-s508	15052	91	n720	CGGAGCCT	s508	CTAAGCCT	29
m29n720-s510	15052	115	n720	CGGAGCCT	s510	CGTCTAAT	29
m29n720-s511	15052	143	n720	CGGAGCCT	s511	TCTCTCCG	29
m29n721-s502	15052	163	n721	TACGCTGC	s502	CTCTCTAT	29
m29n721-s503	15052	189	n721	TACGCTGC	s503	TATCCTCT	29
m29n721-s505	15052	221	n721	TACGCTGC	s505	GTAAGGAG	29
m29n721-s507	15052	237	n721	TACGCTGC	s507	AAGGAGTA	29
m29n721-s508	15052	261	n721	TACGCTGC	s508	CTAAGCCT	29
m29n721-s510	15052	283	n721	TACGCTGC	s510	CGTCTAAT	29
m29n721-s511	15052	307	n721	TACGCTGC	s511	TCTCTCCG	29
m29n722-s502	15052	331	n722	ATGCGCAG	s502	CTCTCTAT	29
m29n722-s503	15052	357	n722	ATGCGCAG	s503	TATCCTCT	29
m29n722-s505	15052	381	n722	ATGCGCAG	s505	GTAAGGAG	29
m29n722-s506	15052	405	n722	ATGCGCAG	s506	ACTGCATA	29
m29n722-s507	15052	426	n722	ATGCGCAG	s507	AAGGAGTA	29
m29n722-s508	15052	451	n722	ATGCGCAG	s508	CTAAGCCT	29
m29n722-s510	15052	475	n722	ATGCGCAG	s510	CGTCTAAT	29
m29n722-s511	15052	499	n722	ATGCGCAG	s511	TCTCTCCG	29
m29n723-s502	15052	525	n723	TAGCGCTC	s502	CTCTCTAT	29
m29n723-s505	15052	551	n723	TAGCGCTC	s505	GTAAGGAG	29
m29n723-s506	15052	573	n723	TAGCGCTC	s506	ACTGCATA	29
m29n723-s507	15052	595	n723	TAGCGCTC	s507	AAGGAGTA	29
m29n723-s510	15052	619	n723	TAGCGCTC	s510	CGTCTAAT	29
m29n723-s511	15052	643	n723	TAGCGCTC	s511	TCTCTCCG	29
m29n724-s502	15052	672	n724	ACTGAGCG	s502	CTCTCTAT	29
m29n724-s503	15052	694	n724	ACTGAGCG	s503	TATCCTCT	29
m29n724-s505	15052	717	n724	ACTGAGCG	s505	GTAAGGAG	29
m29n724-s506	15052	741	n724	ACTGAGCG	s506	ACTGCATA	29
m29n724-s507	15052	763	n724	ACTGAGCG	s507	AAGGAGTA	29
m29n724-s508	15052	787	n724	ACTGAGCG	s508	CTAAGCCT	29
m29n724-s510	15052	811	n724	ACTGAGCG	s510	CGTCTAAT	29
m29n724-s511	15052	835	n724	ACTGAGCG	s511	TCTCTCCG	29
m29n726-s502	15052	861	n726	CCTAAGAC	s502	CTCTCTAT	29
m29n726-s503	15052	885	n726	CCTAAGAC	s503	TATCCTCT	29
m29n726-s505	15052	909	n726	CCTAAGAC	s505	GTAAGGAG	29
m29n726-s506	15052	931	n726	CCTAAGAC	s506	ACTGCATA	29
m29n726-s508	15052	955	n726	CCTAAGAC	s508	CTAAGCCT	29
m29n726-s510	15052	979	n726	CCTAAGAC	s510	CGTCTAAT	29
m29n726-s511	15052	1003	n726	CCTAAGAC	s511	TCTCTCCG	29
m29n727-s502	15052	1029	n727	CGATCAGT	s502	CTCTCTAT	29
m29n727-s503	15052	1052	n727	CGATCAGT	s503	TATCCTCT	29
m29n727-s505	15052	1077	n727	CGATCAGT	s505	GTAAGGAG	29
m29n727-s506	15052	1099	n727	CGATCAGT	s506	ACTGCATA	29
m29n727-s507	15052	1123	n727	CGATCAGT	s507	AAGGAGTA	29
m29n727-s508	15052	1147	n727	CGATCAGT	s508	CTAAGCCT	29
m29n727-s510	15052	1173	n727	CGATCAGT	s510	CGTCTAAT	29
m29n727-s511	15052	1197	n727	CGATCAGT	s511	TCTCTCCG	29
m29n728-s502	15052	1224	n728	TGCAGCTA	s502	CTCTCTAT	29
m29n728-s503	15052	1246	n728	TGCAGCTA	s503	TATCCTCT	29
m29n728-s506	15052	1269	n728	TGCAGCTA	s506	ACTGCATA	29
m29n728-s507	15052	1291	n728	TGCAGCTA	s507	AAGGAGTA	29
m28n707-s522	15097	0	n707	CTCTCTAC	s522	TTATGCGA	28
m28n710-s513	15097	24	n710	CGAGGCTG	s513	TCGACTAG	28
m28n710-s515	15097	48	n710	CGAGGCTG	s515	TTCTAGCT	28
m28n710-s516	15097	73	n710	CGAGGCTG	s516	CCTAGAGT	28
m28n710-s517	15097	97	n710	CGAGGCTG	s517	GCGTAAGA	28
m28n710-s518	15097	122	n710	CGAGGCTG	s518	CTATTAAG	28
m28n710-s520	15097	150	n710	CGAGGCTG	s520	AAGGCTAT	28
m28n710-s521	15097	168	n710	CGAGGCTG	s521	GAGCCTTA	28
m28n710-s522	15097	192	n710	CGAGGCTG	s522	TTATGCGA	28
m28n711-s513	15097	218	n711	AAGAGGCA	s513	TCGACTAG	28
m28n711-s515	15097	242	n711	AAGAGGCA	s515	TTCTAGCT	28
m28n711-s516	15097	261	n711	AAGAGGCA	s516	CCTAGAGT	28
m28n711-s517	15097	287	n711	AAGAGGCA	s517	GCGTAAGA	28
m28n711-s520	15097	309	n711	AAGAGGCA	s520	AAGGCTAT	28
m28n711-s521	15097	337	n711	AAGAGGCA	s521	GAGCCTTA	28
m28n711-s522	15097	359	n711	AAGAGGCA	s522	TTATGCGA	28
m28n712-s513	15097	383	n712	GTAGAGGA	s513	TCGACTAG	28
m28n712-s515	15097	415	n712	GTAGAGGA	s515	TTCTAGCT	28
m28n712-s516	15097	429	n712	GTAGAGGA	s516	CCTAGAGT	28
m28n712-s517	15097	453	n712	GTAGAGGA	s517	GCGTAAGA	28
m28n712-s518	15097	501	n712	GTAGAGGA	s518	CTATTAAG	28
m28n712-s520	15097	527	n712	GTAGAGGA	s520	AAGGCTAT	28
m28n712-s521	15097	551	n712	GTAGAGGA	s521	GAGCCTTA	28
m28n712-s522	15097	574	n712	GTAGAGGA	s522	TTATGCGA	28
m28n714-s513	15097	598	n714	GCTCATGA	s513	TCGACTAG	28
m28n714-s515	15097	622	n714	GCTCATGA	s515	TTCTAGCT	28
m28n714-s517	15097	647	n714	GCTCATGA	s517	GCGTAAGA	28
m28n714-s518	15097	671	n714	GCTCATGA	s518	CTATTAAG	28
m28n714-s520	15097	695	n714	GCTCATGA	s520	AAGGCTAT	28
m28n714-s521	15097	719	n714	GCTCATGA	s521	GAGCCTTA	28
m28n714-s522	15097	742	n714	GCTCATGA	s522	TTATGCGA	28
m28n715-s513	15097	766	n715	ATCTCAGG	s513	TCGACTAG	28
m28n715-s515	15097	791	n715	ATCTCAGG	s515	TTCTAGCT	28
m28n715-s516	15097	815	n715	ATCTCAGG	s516	CCTAGAGT	28
m28n715-s517	15097	838	n715	ATCTCAGG	s517	GCGTAAGA	28
m28n715-s518	15097	863	n715	ATCTCAGG	s518	CTATTAAG	28
m28n715-s520	15097	888	n715	ATCTCAGG	s520	AAGGCTAT	28
m28n715-s521	15097	911	n715	ATCTCAGG	s521	GAGCCTTA	28
m28n715-s522	15097	934	n715	ATCTCAGG	s522	TTATGCGA	28
m28n716-s513	15097	1007	n716	ACTCGCTA	s513	TCGACTAG	28
m28n716-s516	15097	1030	n716	ACTCGCTA	s516	CCTAGAGT	28
m28n716-s517	15097	1054	n716	ACTCGCTA	s517	GCGTAAGA	28
m28n716-s518	15097	1079	n716	ACTCGCTA	s518	CTATTAAG	28
m28n716-s520	15097	1102	n716	ACTCGCTA	s520	AAGGCTAT	28
m28n716-s521	15097	1127	n716	ACTCGCTA	s521	GAGCCTTA	28
m28n716-s522	15097	1150	n716	ACTCGCTA	s522	TTATGCGA	28
m28n718-s513	15097	1174	n718	GGAGCTAC	s513	TCGACTAG	28
m28n718-s515	15097	1198	n718	GGAGCTAC	s515	TTCTAGCT	28
m28n718-s517	15097	1222	n718	GGAGCTAC	s517	GCGTAAGA	28
m28n718-s518	15097	1271	n718	GGAGCTAC	s518	CTATTAAG	28
m28n718-s520	15097	1295	n718	GGAGCTAC	s520	AAGGCTAT	28
m28n718-s521	15097	1347	n718	GGAGCTAC	s521	GAGCCTTA	28
m28n718-s522	15098	0	n718	GGAGCTAC	s522	TTATGCGA	28
m28n719-s513	15098	24	n719	GCGTAGTA	s513	TCGACTAG	28
m28n719-s515	15098	49	n719	GCGTAGTA	s515	TTCTAGCT	28
m28n719-s516	15098	71	n719	GCGTAGTA	s516	CCTAGAGT	28
m28n719-s517	15098	95	n719	GCGTAGTA	s517	GCGTAAGA	28
m28n719-s518	15098	119	n719	GCGTAGTA	s518	CTATTAAG	28
m28n719-s521	15098	142	n719	GCGTAGTA	s521	GAGCCTTA	28
m28n719-s522	15098	169	n719	GCGTAGTA	s522	TTATGCGA	28
m28n720-s513	15098	191	n720	CGGAGCCT	s513	TCGACTAG	28
m28n720-s515	15098	215	n720	CGGAGCCT	s515	TTCTAGCT	28
m28n720-s516	15098	240	n720	CGGAGCCT	s516	CCTAGAGT	28
m28n720-s517	15098	263	n720	CGGAGCCT	s517	GCGTAAGA	28
m28n720-s518	15098	289	n720	CGGAGCCT	s518	CTATTAAG	28
m28n720-s520	15098	311	n720	CGGAGCCT	s520	AAGGCTAT	28
m28n720-s521	15098	335	n720	CGGAGCCT	s521	GAGCCTTA	28
m28n720-s522	15098	361	n720	CGGAGCCT	s522	TTATGCGA	28
m28n721-s513	15098	383	n721	TACGCTGC	s513	TCGACTAG	28
m28n721-s515	15098	407	n721	TACGCTGC	s515	TTCTAGCT	28
m28n721-s516	15098	431	n721	TACGCTGC	s516	CCTAGAGT	28
m28n721-s518	15098	455	n721	TACGCTGC	s518	CTATTAAG	28
m28n721-s520	15098	477	n721	TACGCTGC	s520	AAGGCTAT	28
m28n721-s521	15098	502	n721	TACGCTGC	s521	GAGCCTTA	28
m28n721-s522	15098	527	n721	TACGCTGC	s522	TTATGCGA	28
m28n722-s513	15098	551	n722	ATGCGCAG	s513	TCGACTAG	28
m28n722-s515	15098	574	n722	ATGCGCAG	s515	TTCTAGCT	28
m28n722-s516	15098	599	n722	ATGCGCAG	s516	CCTAGAGT	28
m28n722-s517	15098	625	n722	ATGCGCAG	s517	GCGTAAGA	28
m28n722-s518	15098	649	n722	ATGCGCAG	s518	CTATTAAG	28
m28n722-s520	15098	671	n722	ATGCGCAG	s520	AAGGCTAT	28
m28n722-s521	15098	695	n722	ATGCGCAG	s521	GAGCCTTA	28
m28n722-s522	15098	719	n722	ATGCGCAG	s522	TTATGCGA	28
m28n723-s513	15098	743	n723	TAGCGCTC	s513	TCGACTAG	28
m28n723-s516	15098	766	n723	TAGCGCTC	s516	CCTAGAGT	28
m28n723-s517	15098	791	n723	TAGCGCTC	s517	GCGTAAGA	28
m28n723-s518	15098	815	n723	TAGCGCTC	s518	CTATTAAG	28
m28n723-s521	15098	839	n723	TAGCGCTC	s521	GAGCCTTA	28
m28n723-s522	15098	863	n723	TAGCGCTC	s522	TTATGCGA	28
m28n724-s513	15098	887	n724	ACTGAGCG	s513	TCGACTAG	28
m28n724-s515	15098	913	n724	ACTGAGCG	s515	TTCTAGCT	28
m28n724-s516	15098	936	n724	ACTGAGCG	s516	CCTAGAGT	28
m28n724-s517	15098	959	n724	ACTGAGCG	s517	GCGTAAGA	28
m28n724-s518	15098	985	n724	ACTGAGCG	s518	CTATTAAG	28
m28n724-s520	15098	1009	n724	ACTGAGCG	s520	AAGGCTAT	28
m28n724-s521	15098	1031	n724	ACTGAGCG	s521	GAGCCTTA	28
m28n724-s522	15098	1055	n724	ACTGAGCG	s522	TTATGCGA	28
m28n726-s513	15098	1081	n726	CCTAAGAC	s513	TCGACTAG	28
m28n726-s515	15098	1104	n726	CCTAAGAC	s515	TTCTAGCT	28
m28n726-s516	15098	1128	n726	CCTAAGAC	s516	CCTAGAGT	28
m28n726-s517	15098	1150	n726	CCTAAGAC	s517	GCGTAAGA	28
m28n726-s520	15098	1175	n726	CCTAAGAC	s520	AAGGCTAT	28
m28n726-s521	15098	1198	n726	CCTAAGAC	s521	GAGCCTTA	28
m28n726-s522	15098	1223	n726	CCTAAGAC	s522	TTATGCGA	28
m28n727-s515	15098	1246	n727	CGATCAGT	s515	TTCTAGCT	28
m28n727-s516	15098	1271	n727	CGATCAGT	s516	CCTAGAGT	28
m28n727-s517	15098	1295	n727	CGATCAGT	s517	GCGTAAGA	28
m28n727-s518	15098	1319	n727	CGATCAGT	s518	CTATTAAG	28
m28n727-s520	15098	1340	n727	CGATCAGT	s520	AAGGCTAT	28
m29n707-s517	15125	0	n707	CTCTCTAC	s517	GCGTAAGA	29
m29n707-s518	15125	72	n707	CTCTCTAC	s518	CTATTAAG	29
m29n707-s521	15125	98	n707	CTCTCTAC	s521	GAGCCTTA	29
m29n707-s522	15125	120	n707	CTCTCTAC	s522	TTATGCGA	29
m29n710-s513	15125	147	n710	CGAGGCTG	s513	TCGACTAG	29
m29n710-s515	15125	165	n710	CGAGGCTG	s515	TTCTAGCT	29
m29n710-s516	15125	193	n710	CGAGGCTG	s516	CCTAGAGT	29
m29n710-s517	15125	217	n710	CGAGGCTG	s517	GCGTAAGA	29
m29n710-s518	15125	243	n710	CGAGGCTG	s518	CTATTAAG	29
m29n710-s520	15125	264	n710	CGAGGCTG	s520	AAGGCTAT	29
m29n710-s521	15125	288	n710	CGAGGCTG	s521	GAGCCTTA	29
m29n710-s522	15125	313	n710	CGAGGCTG	s522	TTATGCGA	29
m29n711-s513	15125	335	n711	AAGAGGCA	s513	TCGACTAG	29
m29n711-s515	15125	384	n711	AAGAGGCA	s515	TTCTAGCT	29
m29n711-s516	15125	404	n711	AAGAGGCA	s516	CCTAGAGT	29
m29n711-s517	15125	429	n711	AAGAGGCA	s517	GCGTAAGA	29
m29n711-s520	15125	460	n711	AAGAGGCA	s520	AAGGCTAT	29
m29n711-s521	15125	479	n711	AAGAGGCA	s521	GAGCCTTA	29
m29n727-s521	15125	503	n727	CGATCAGT	s521	GAGCCTTA	29
m29n712-s513	15125	529	n712	GTAGAGGA	s513	TCGACTAG	29
m29n712-s515	15125	548	n712	GTAGAGGA	s515	TTCTAGCT	29
m29n712-s516	15125	572	n712	GTAGAGGA	s516	CCTAGAGT	29
m29n712-s517	15125	597	n712	GTAGAGGA	s517	GCGTAAGA	29
m29n712-s518	15125	621	n712	GTAGAGGA	s518	CTATTAAG	29
m29n712-s520	15125	645	n712	GTAGAGGA	s520	AAGGCTAT	29
m29n712-s521	15125	669	n712	GTAGAGGA	s521	GAGCCTTA	29
m29n712-s522	15125	716	n712	GTAGAGGA	s522	TTATGCGA	29
m29n714-s513	15125	742	n714	GCTCATGA	s513	TCGACTAG	29
m29n714-s515	15125	761	n714	GCTCATGA	s515	TTCTAGCT	29
m29n714-s517	15125	791	n714	GCTCATGA	s517	GCGTAAGA	29
m29n714-s518	15125	814	n714	GCTCATGA	s518	CTATTAAG	29
m29n714-s520	15125	838	n714	GCTCATGA	s520	AAGGCTAT	29
m29n714-s521	15125	862	n714	GCTCATGA	s521	GAGCCTTA	29
m29n714-s522	15125	886	n714	GCTCATGA	s522	TTATGCGA	29
m29n715-s513	15125	911	n715	ATCTCAGG	s513	TCGACTAG	29
m29n715-s515	15125	934	n715	ATCTCAGG	s515	TTCTAGCT	29
m29n715-s516	15125	957	n715	ATCTCAGG	s516	CCTAGAGT	29
m29n715-s517	15125	982	n715	ATCTCAGG	s517	GCGTAAGA	29
m29n715-s518	15125	1006	n715	ATCTCAGG	s518	CTATTAAG	29
m29n715-s520	15125	1025	n715	ATCTCAGG	s520	AAGGCTAT	29
m29n715-s521	15125	1055	n715	ATCTCAGG	s521	GAGCCTTA	29
m29n715-s522	15125	1106	n715	ATCTCAGG	s522	TTATGCGA	29
m29n716-s513	15125	1127	n716	ACTCGCTA	s513	TCGACTAG	29
m29n716-s515	15125	1149	n716	ACTCGCTA	s515	TTCTAGCT	29
m29n716-s516	15125	1172	n716	ACTCGCTA	s516	CCTAGAGT	29
m29n716-s517	15125	1197	n716	ACTCGCTA	s517	GCGTAAGA	29
m29n716-s518	15125	1245	n716	ACTCGCTA	s518	CTATTAAG	29
m29n716-s520	15125	1275	n716	ACTCGCTA	s520	AAGGCTAT	29
m29n716-s521	15125	1291	n716	ACTCGCTA	s521	GAGCCTTA	29
m29n716-s522	15125	1319	n716	ACTCGCTA	s522	TTATGCGA	29
m29n718-s513	15125	1342	n718	GGAGCTAC	s513	TCGACTAG	29
m29n718-s515	15125	1365	n718	GGAGCTAC	s515	TTCTAGCT	29
m29n718-s517	15125	1388	n718	GGAGCTAC	s517	GCGTAAGA	29
m29n718-s518	15125	1416	n718	GGAGCTAC	s518	CTATTAAG	29
m29n718-s520	15125	1435	n718	GGAGCTAC	s520	AAGGCTAT	29
m29n718-s521	15125	1466	n718	GGAGCTAC	s521	GAGCCTTA	29
