sequence_id	participant_id	date	pre-post	case-control status	I7_Index_ID	I7_Index_seq	I5_Index_ID	I5_Index_seq
m3n726-s503	11251	10/25/12	pre	control	n726	CCTAAGAC	s503	TATCCTCT
m3n726-s502	11251	11/21/12	post	control	n726	CCTAAGAC	s502	CTCTCTAT
m3n701-s502	11806	8/28/13	pre	control	n701	TAAGGCGA	s502	CTCTCTAT
m3n701-s503	11806	10/2/13	post	control	n701	TAAGGCGA	s503	TATCCTCT
m3n701-s505	12434	6/5/13	pre	control	n701	TAAGGCGA	s505	GTAAGGAG
m3n701-s506	12434	7/3/13	post	control	n701	TAAGGCGA	s506	ACTGCATA
m3n701-s507	12942	12/5/12	pre	control	n701	TAAGGCGA	s507	AAGGAGTA
m3n701-s508	12942	1/29/13	post	control	n701	TAAGGCGA	s508	CTAAGCCT
m3n702-s502	13260	1/15/14	pre	control	n702	CGTACTAG	s502	CTCTCTAT
m3n702-s503	13260	2/20/14	post	control	n702	CGTACTAG	s503	TATCCTCT
m3n702-s505	13264	2/3/14	pre	case	n702	CGTACTAG	s505	GTAAGGAG
m3n702-s506	13264	3/4/14	post	case	n702	CGTACTAG	s506	ACTGCATA
m3n702-s507	13376	5/14/13	pre	case	n702	CGTACTAG	s507	AAGGAGTA
m3n702-s508	13376	6/21/13	post	case	n702	CGTACTAG	s508	CTAAGCCT
m3n702-s510	13634	11/12/13	pre	control	n702	CGTACTAG	s510	CGTCTAAT
m3n702-s511	13634	12/10/13	post	control	n702	CGTACTAG	s511	TCTCTCCG
m3n703-s502	13812	10/19/12	pre	case	n703	AGGCAGAA	s502	CTCTCTAT
m3n703-s503	13812	11/16/12	post	case	n703	AGGCAGAA	s503	TATCCTCT
m3n703-s505	14095	10/19/12	pre	control	n703	AGGCAGAA	s505	GTAAGGAG
m3n703-s506	14095	12/18/12	post	control	n703	AGGCAGAA	s506	ACTGCATA
m3n703-s507	14491	3/12/13	pre	control	n703	AGGCAGAA	s507	AAGGAGTA
m3n703-s508	14491	5/6/13	post	control	n703	AGGCAGAA	s508	CTAAGCCT
m3n724-s510	14898	5/23/13	pre	control	n724	ACTGAGCG	s510	CGTCTAAT
m3n724-s511	14898	6/25/13	post	control	n724	ACTGAGCG	s511	TCTCTCCG
m3n703-s510	16198	8/26/13	pre	case	n703	AGGCAGAA	s510	CGTCTAAT
m3n703-s511	16198	10/9/13	post	case	n703	AGGCAGAA	s511	TCTCTCCG
m3n704-s502	16400	7/31/13	pre	control	n704	TCCTGAGC	s502	CTCTCTAT
m3n704-s503	16400	8/27/13	post	control	n704	TCCTGAGC	s503	TATCCTCT
m3n704-s505	16559	12/3/12	pre	control	n704	TCCTGAGC	s505	GTAAGGAG
m3n704-s506	16559	1/28/13	post	control	n704	TCCTGAGC	s506	ACTGCATA
m3n704-s507	16642	6/12/13	pre	control	n704	TCCTGAGC	s507	AAGGAGTA
m3n704-s508	16642	7/9/13	post	control	n704	TCCTGAGC	s508	CTAAGCCT
m3n704-s510	16754	11/18/13	pre	case	n704	TCCTGAGC	s510	CGTCTAAT
m3n704-s511	16754	12/16/13	post	case	n704	TCCTGAGC	s511	TCTCTCCG
m3n705-s502	16812	9/19/12	pre	case	n705	GGACTCCT	s502	CTCTCTAT
m3n705-s503	16812	10/17/12	post	case	n705	GGACTCCT	s503	TATCCTCT
m3n706-s502	17124	5/24/13	pre	control	n706	TAGGCATG	s502	CTCTCTAT
m3n706-s503	17124	7/22/13	pos	control	n706	TAGGCATG	s503	TATCCTCT
m3n706-s505	17127	1/7/13	pre	case	n706	TAGGCATG	s505	GTAAGGAG
m3n706-s506	17127	2/11/13	post	case	n706	TAGGCATG	s506	ACTGCATA
m3n706-s507	17305	10/22/12	pre	control	n706	TAGGCATG	s507	AAGGAGTA
m3n706-s508	17305	12/10/12	post	control	n706	TAGGCATG	s508	CTAAGCCT
m3n706-s510	17369	11/5/12	pre	control	n706	TAGGCATG	s510	CGTCTAAT
m3n706-s511	17369	12/3/12	post	control	n706	TAGGCATG	s511	TCTCTCCG
m3n707-s502	17587	6/17/13	pre	control	n707	CTCTCTAC	s502	CTCTCTAT
m3n707-s503	17587	7/9/13	post	control	n707	CTCTCTAC	s503	TATCCTCT
m3n707-s505	17660	10/18/12	pre	control	n707	CTCTCTAC	s505	GTAAGGAG
m3n707-s506	17660	11/15/12	post	control	n707	CTCTCTAC	s506	ACTGCATA
m3n707-s507	17871	9/21/12	pre	control	n707	CTCTCTAC	s507	AAGGAGTA
m3n707-s508	17871	10/19/12	post	control	n707	CTCTCTAC	s508	CTAAGCCT
m3n707-s510	17893	11/4/13	pre	case	n707	CTCTCTAC	s510	CGTCTAAT
m3n707-s511	17893	12/10/13	post	case	n707	CTCTCTAC	s511	TCTCTCCG
m3n710-s502	17947	1/16/14	pre	case	n710	CGAGGCTG	s502	CTCTCTAT
m3n710-s503	17947	2/20/14	post	case	n710	CGAGGCTG	s503	TATCCTCT
m3n710-s510	18068	1/17/14	pre	control	n710	CGAGGCTG	s510	CGTCTAAT
m3n710-s511	18068	2/20/14	post	control	n710	CGAGGCTG	s511	TCTCTCCG
m3n711-s505	18399	5/15/13	pre	control	n711	AAGAGGCA	s505	GTAAGGAG
m3n711-s506	18399	6/25/13	post	control	n711	AAGAGGCA	s506	ACTGCATA
m3n711-s507	18487	12/13/12	pre	case	n711	AAGAGGCA	s507	AAGGAGTA
m3n711-s508	18487	1/30/13	post	case	n711	AAGAGGCA	s508	CTAAGCCT
m3n712-s507	18578	11/8/13	pre	control	n712	GTAGAGGA	s507	AAGGAGTA
m3n712-s508	18578	12/9/13	post	control	n712	GTAGAGGA	s508	CTAAGCCT
m3n714-s502	18782	2/6/14	pre	control	n714	GCTCATGA	s502	CTCTCTAT
m3n714-s503	18782	3/7/14	post	control	n714	GCTCATGA	s503	TATCCTCT
m3n716-s502	18992	10/19/12	pre	case	n716	ACTCGCTA	s502	CTCTCTAT
m3n716-s503	18992	12/14/12	post	case	n716	ACTCGCTA	s503	TATCCTCT
m3n718-s502	19137	11/8/13	pre	control	n718	GGAGCTAC	s502	CTCTCTAT
m3n718-s503	19137	12/9/13	post	control	n718	GGAGCTAC	s503	TATCCTCT
m3n718-s510	19269	1/11/13	pre	control	n718	GGAGCTAC	s510	CGTCTAAT
m3n718-s511	19269	2/15/13	post	control	n718	GGAGCTAC	s511	TCTCTCCG
m3n719-s502	19293	5/24/13	pre	control	n719	GCGTAGTA	s502	CTCTCTAT
m3n719-s503	19293	7/23/13	post	control	n719	GCGTAGTA	s503	TATCCTCT
m3n719-s507	19439	9/5/13	pre	control	n719	GCGTAGTA	s507	AAGGAGTA
m3n719-s508	19439	10/9/13	post	control	n719	GCGTAGTA	s508	CTAAGCCT
m3n720-s502	19491	5/30/13	pre	case	n720	CGGAGCCT	s502	CTCTCTAT
m3n720-s503	19491	7/24/13	post	case	n720	CGGAGCCT	s503	TATCCTCT
m3n720-s505	19515	5/16/13	pre	case	n720	CGGAGCCT	s505	GTAAGGAG
m3n720-s506	19515	6/21/13	post	case	n720	CGGAGCCT	s506	ACTGCATA
m3n720-s507	19571	5/17/13	pre	control	n720	CGGAGCCT	s507	AAGGAGTA
m3n720-s508	19571	6/17/13	post	control	n720	CGGAGCCT	s508	CTAAGCCT
m3n720-s510	19651	11/15/13	pre	control	n720	CGGAGCCT	s510	CGTCTAAT
m3n720-s511	19651	12/11/13	post	control	n720	CGGAGCCT	s511	TCTCTCCG
m3n721-s502	19784	10/31/12	pre	control	n721	TACGCTGC	s502	CTCTCTAT
m3n721-s503	19784	11/28/12	post	control	n721	TACGCTGC	s503	TATCCTCT
m3n721-s505	19785	11/7/12	pre	case	n721	TACGCTGC	s505	GTAAGGAG
m3n721-s506	19785	12/5/12	post	case	n721	TACGCTGC	s506	ACTGCATA
m3n721-s507	19806	5/14/13	pre	control	n721	TACGCTGC	s507	AAGGAGTA
m3n721-s508	19806	6/24/13	post	control	n721	TACGCTGC	s508	CTAAGCCT
m3n721-s510	19811	6/11/13	pre	control	n721	TACGCTGC	s510	CGTCTAAT
m3n721-s511	19811	7/9/13	post	control	n721	TACGCTGC	s511	TCTCTCCG
m3n722-s502	19816	6/7/13	pre	case	n722	ATGCGCAG	s502	CTCTCTAT
m3n722-s503	19816	7/5/13	post	case	n722	ATGCGCAG	s503	TATCCTCT
m3n722-s505	19829	9/20/12	pre	control	n722	ATGCGCAG	s505	GTAAGGAG
m3n722-s506	19829	10/19/12	post	control	n722	ATGCGCAG	s506	ACTGCATA
m3n722-s507	19831	1/4/13	pre	control	n722	ATGCGCAG	s507	AAGGAGTA
m3n722-s508	19831	2/4/13	post	control	n722	ATGCGCAG	s508	CTAAGCCT
m3n722-s510	19921	3/13/13	pre	case	n722	ATGCGCAG	s510	CGTCTAAT
m3n722-s511	19921	4/29/13	post	case	n722	ATGCGCAG	s511	TCTCTCCG
m3n723-s502	19925	7/22/13	pre	case	n723	TAGCGCTC	s502	CTCTCTAT
m3n723-s503	19925	8/20/13	post	case	n723	TAGCGCTC	s503	TATCCTCT
m3n723-s505	19968	6/10/13	pre	case	n723	TAGCGCTC	s505	GTAAGGAG
m3n723-s506	19968	7/4/13	post	case	n723	TAGCGCTC	s506	ACTGCATA
m3n723-s507	19982	3/6/13	pre	control	n723	TAGCGCTC	s507	AAGGAGTA
m3n723-s508	19982	5/3/13	post	control	n723	TAGCGCTC	s508	CTAAGCCT
m3n723-s510	19989	7/29/13	pre	control	n723	TAGCGCTC	s510	CGTCTAAT
m3n723-s511	19989	8/26/13	post	control	n723	TAGCGCTC	s511	TCTCTCCG
m3n724-s502	20060	2/4/14	pre	control	n724	ACTGAGCG	s502	CTCTCTAT
m3n724-s503	20060	3/5/14	post	control	n724	ACTGAGCG	s503	TATCCTCT