participant_id	visit	placebo_tdf	ever_ulcer	vaginal_ph	nugent_score	label	specimen	I7_Index_ID	I7_Index_seq	I5_Index_ID	I5_Index_seq
901	0	placebo	no ulcer	5.5	7	901-2	m47n701-s502	n701	TAAGGCGA	s502	CTCTCTAT
901	28	placebo	no ulcer	5.5	8	901-4	m47n701-s505	n701	TAAGGCGA	s505	GTAAGGAG
901	56	placebo	no ulcer	5.5	0	901-6	m47n701-s507	n701	TAAGGCGA	s507	AAGGAGTA
901	85	placebo	no ulcer	4.9	5	901-8	m47n701-s510	n701	TAAGGCGA	s510	CGTCTAAT
901	91	placebo	no ulcer	4.9	8	901-9	m47n702-s503	n702	CGTACTAG	s503	TATCCTCT
907	0	placebo	no ulcer	4.9	8	907-2	m47n705-s505	n705	GGACTCCT	s505	GTAAGGAG
907	28	placebo	no ulcer	5.5	5	907-4	m47n705-s507	n705	GGACTCCT	s507	AAGGAGTA
907	56	placebo	no ulcer	5.2	8	907-6	m47n705-s510	n705	GGACTCCT	s510	CGTCTAAT
907	84	placebo	no ulcer	5.5	8	907-8	m47n706-s503	n706	TAGGCATG	s503	TATCCTCT
907	91	placebo	no ulcer	5.5	9	907-9	m47n706-s506	n706	TAGGCATG	s506	ACTGCATA
914	0	placebo	no ulcer	5.5	8	914-2	m47n707-s507	n707	CTCTCTAC	s507	AAGGAGTA
914	28	placebo	no ulcer	5.5	7	914-4	m47n707-s510	n707	CTCTCTAC	s510	CGTCTAAT
914	56	placebo	no ulcer	5.5	9	914-6	m47n710-s503	n710	CGAGGCTG	s503	TATCCTCT
924	0	placebo	no ulcer	3.8	1	924-2	m47n714-s505	n714	GCTCATGA	s505	GTAAGGAG
924	28	placebo	no ulcer	3.8	0	924-4	m47n714-s507	n714	GCTCATGA	s507	AAGGAGTA
925	0	placebo	no ulcer	4	0	925-2	m47n714-s510	n714	GCTCATGA	s510	CGTCTAAT
925	28	placebo	no ulcer	4.2	1	925-4	m47n715-s503	n715	ATCTCAGG	s503	TATCCTCT
902	0	tdf	no ulcer	5.5	1	902-2	m47n702-s506	n702	CGTACTAG	s506	ACTGCATA
902	28	tdf	no ulcer	5.5	4	902-4	m47n702-s508	n702	CGTACTAG	s508	CTAAGCCT
902	56	tdf	no ulcer	6.9	2	902-6	m47n702-s511	n702	CGTACTAG	s511	TCTCTCCG
902	84	tdf	no ulcer	5.5	4	902-8	m47n703-s502	n703	AGGCAGAA	s502	CTCTCTAT
902	91	tdf	no ulcer	3.8	2	902-9	m47n703-s505	n703	AGGCAGAA	s505	GTAAGGAG
903	0	tdf	no ulcer	4.6	2	903-2	m47n703-s507	n703	AGGCAGAA	s507	AAGGAGTA
903	28	tdf	no ulcer	5.5	3	903-4	m47n703-s510	n703	AGGCAGAA	s510	CGTCTAAT
903	56	tdf	no ulcer	5.5	4	903-6	m47n704-s503	n704	TCCTGAGC	s503	TATCCTCT
903	84	tdf	no ulcer	5.5	2	903-8	m47n704-s506	n704	TCCTGAGC	s506	ACTGCATA
903	90	tdf	no ulcer	5.2	8	903-9	m47n704-s508	n704	TCCTGAGC	s508	CTAAGCCT
919	0	tdf	no ulcer	5.2	3	919-2	m47n711-s505	n711	AAGAGGCA	s505	GTAAGGAG
919	26	tdf	no ulcer	5.5	5	919-4	m47n711-s507	n711	AAGAGGCA	s507	AAGGAGTA
921	0	tdf	no ulcer	4	4	921-2	m47n712-s506	n712	GTAGAGGA	s506	ACTGCATA
921	20	tdf	no ulcer	4.9	4	921-4	m47n712-s508	n712	GTAGAGGA	s508	CTAAGCCT
904	0	tdf	ulcer	3.8	2	904-2	m47n704-s511	n704	TCCTGAGC	s511	TCTCTCCG
904	30	tdf	ulcer	5.5	5	904-4	m47n705-s502	n705	GGACTCCT	s502	CTCTCTAT
908	0	tdf	ulcer	3.8	1	908-2	m47n706-s508	n706	TAGGCATG	s508	CTAAGCCT
908	30	tdf	ulcer	4.9	4	908-4	m47n706-s511	n706	TAGGCATG	s511	TCTCTCCG
912	0	tdf	ulcer	4.9		912-2	m47n707-s502	n707	CTCTCTAC	s502	CTCTCTAT
912	28	tdf	ulcer	5.5	5	912-4	m47n707-s505	n707	CTCTCTAC	s505	GTAAGGAG
915	0	tdf	ulcer	5.5		915-2	m47n710-s506	n710	CGAGGCTG	s506	ACTGCATA
915	28	tdf	ulcer	5.5	7	915-4	m47n710-s508	n710	CGAGGCTG	s508	CTAAGCCT
916	0	tdf	ulcer	4.6	8	916-2	m47n710-s511	n710	CGAGGCTG	s511	TCTCTCCG
916	28	tdf	ulcer	3.8		916-4	m47n711-s502	n711	AAGAGGCA	s502	CTCTCTAT
920	0	tdf	ulcer	4.9	3	920-2	m47n711-s510	n711	AAGAGGCA	s510	CGTCTAAT
920	29	tdf	ulcer	7.2	4	920-4	m47n712-s503	n712	GTAGAGGA	s503	TATCCTCT
922	0	tdf	ulcer	3.8	0	922-2	m47n712-s511	n712	GTAGAGGA	s511	TCTCTCCG
922	29	tdf	ulcer	5.2	3	922-4	m47n714-s502	n714	GCTCATGA	s502	CTCTCTAT