specimen	primer	barcode	case_control	cohort
j35tr17	TR17	TATCAC	case	mss
j35tr23	TR23	TACCTC	case	mss
j35tr29	TR29	TCTAGC	case	mss
j35tr32	TR32	TCACTC	case	mss
j35tr34	TR34	TCGGTT	case	mss
j35tr39	TR39	TGACTT	case	mss
j35tr4	TR4	TTACGC	case	mss
j35tr40	TR40	TGACAC	case	mss
j35tr5	TR5	TTAGGT	case	mss
j35tr7	TR7	TTCTCC	case	mss
j35tr9	TR9	TTCCTT	case	mss
j36tr41	TR41	TGCATT	case	mss
j36tr56	TR56	ACTCAT	case	mss
j36tr57	TR57	ACTGGT	case	mss
j36tr58	TR58	ACATCT	case	mss
j36tr60	TR60	ACAGAC	case	mss
j36tr61	TR61	ACCTAT	case	mss
j36tr62	TR62	ACCAAC	case	mss
j36tr65	TR65	AGTTGT	case	mss
j36tr66	TR66	AGTGAT	case	mss
j35tr11	TR11	TTGTAC	control	mss
j35tr12	TR12	TTGTGT	control	mss
j35tr18	TR18	TATGCC	control	mss
j35tr19	TR19	TAATCC	control	mss
j35tr22	TR22	TACTAC	control	mss
j35tr24	TR24	TACGTT	control	mss
j35tr26	TR26	TAGACC	control	mss
j35tr28	TR28	TCTTGT	control	mss
j35tr51	TR51	AACACC	control	mss
j35tr8	TR8	TTCAGT	control	mss
j36tr31	TR31	TCAACC	control	mss
j36tr33	TR33	TCGTCT	control	mss
j36tr35	TR35	TGTTCT	control	mss
j36tr38	TR38	TGAAGT	control	mss
j36tr42	TR42	TGGAAC	control	mss
j36tr44	TR44	ATGCGT	control	mss
j36tr45	TR45	ATGGAT	control	mss
j36tr48	TR48	AATAGC	control	mss
j36tr59	TR59	ACAAGC	control	mss
j36tr64	TR64	AGTTCC	control	mss
j21tr45	TR45	ATGGAT	case	prep
j21tr48	TR48	AATAGC	case	prep
j21tr49	TR49	AACTTC	case	prep
j21tr51	TR51	AACACC	case	prep
j21tr60	TR60	ACAGAC	case	prep
j21tr61	TR61	ACCTAT	case	prep
j21tr62	TR62	ACCAAC	case	prep
j21tr63	TR63	ACGAGT	case	prep
j21tr64	TR64	AGTTCC	case	prep
j21tr65	TR65	AGTTGT	case	prep
j21tr66	TR66	AGTGAT	case	prep
j21tr67	TR67	AGATGC	case	prep
j21tr68	TR68	AGACGT	case	prep
j21tr69	TR69	AGCACT	case	prep
j21tr70	TR70	AGGTAC	case	prep
j21tr71	TR71	AGGCAT	case	prep
j21tr73	TR73	CCTTCT	case	prep
j21tr74	TR74	CCAAGT	case	prep
j21tr75	TR75	CGTTAT	case	prep
j21tr76	TR76	CGTAAC	case	prep
j21tr77	TR77	GAGATT	case	prep
j21tr78	TR78	GCTATC	case	prep
j21tr80	TR80	GGTATT	case	prep
j23tr10	TR10	TTCCAC	case	prep
j23tr28	TR28	TCTTGT	case	prep
j23tr29	TR29	TCTAGC	case	prep
j23tr45	TR45	ATGGAT	case	prep
j23tr48	TR48	AATAGC	case	prep
j21tr52	TR52	AACCGT	control	prep
j21tr53	TR53	AAGTCT	control	prep
j21tr55	TR55	AAGGTT	control	prep
j21tr56	TR56	ACTCAT	control	prep
j23tr11	TR11	TTGTAC	control	prep
j23tr12	TR12	TTGTGT	control	prep
j23tr17	TR17	TATCAC	control	prep
j23tr18	TR18	TATGCC	control	prep
j23tr22	TR22	TACTAC	control	prep
j23tr23	TR23	TACCTC	control	prep
j23tr24	TR24	TACGTT	control	prep
j23tr26	TR26	TAGACC	control	prep
j23tr27	TR27	TCTTAC	control	prep
j23tr31	TR31	TCAACC	control	prep
j23tr33	TR33	TCGTCT	control	prep
j23tr34	TR34	TCGGTT	control	prep
j23tr35	TR35	TGTTCT	control	prep
j23tr4	TR4	TTACGC	control	prep
j23tr49	TR49	AACTTC	control	prep
j23tr5	TR5	TTAGGT	control	prep
j23tr57	TR57	ACTGGT	control	prep
j23tr58	TR58	ACATCT	control	prep
j23tr59	TR59	ACAAGC	control	prep
j23tr7	TR7	TTCTCC	control	prep
j23tr8	TR8	TTCAGT	control	prep
j23tr80	TR80	GGTATT	control	prep
j23tr9	TR9	TTCCTT	control	prep
j36tr68	TR68	AGACGT	control	prep
j40tr12	TR12	TTGTGT	case	qrs
j40tr17	TR17	TATCAC	case	qrs
j40tr23	TR23	TACCTC	case	qrs
j40tr24	TR24	TACGTT	case	qrs
j40tr4	TR4	TTACGC	case	qrs
j40tr8	TR8	TTCAGT	case	qrs
j40tr9	TR9	TTCCTT	case	qrs
j40tr10	TR10	TTCCAC	control	qrs
j40tr11	TR11	TTGTAC	control	qrs
j40tr18	TR18	TATGCC	control	qrs
j40tr19	TR19	TAATCC	control	qrs
j40tr22	TR22	TACTAC	control	qrs
j40tr5	TR5	TTAGGT	control	qrs
j40tr7	TR7	TTCTCC	control	qrs
