sample_id	sequence_id	sample_id_Miseq	I7_Index_ID	I7_Index_seq	I5_Index_ID	I5_Index_seq
2002	m67n707-s505	2002_061815_ITS2	n707	CTCTCTAC	s505	GTAAGGAG
2002	m67n707-s506	2053_010815_ITS2	n707	CTCTCTAC	s506	ACTGCATA
2002	m67n707-s507	2081_042115_ITS2	n707	CTCTCTAC	s507	AAGGAGTA
2007	m67n707-s508	2121_070715_ITS2	n707	CTCTCTAC	s508	CTAAGCCT
2008	m67n707-s510	2198_080916_ITS2	n707	CTCTCTAC	s510	CGTCTAAT
2011	m67n707-s511	2224_122016_ITS2	n707	CTCTCTAC	s511	TCTCTCCG
2013	m67n710-s502	2235_011717_ITS2	n710	CGAGGCTG	s502	CTCTCTAT
2014	m67n710-s503	2235_022217_ITS2	n710	CGAGGCTG	s503	TATCCTCT
2014	m67n710-s505	2099_042115_ITS2	n710	CGAGGCTG	s505	GTAAGGAG
2016	m67n710-s506	2107_051415_ITS2	n710	CGAGGCTG	s506	ACTGCATA
2023	m67n712-s505	2002_061815_28S	n712	GTAGAGGA	s505	GTAAGGAG
2026	m67n712-s506	2053_010815_28S	n712	GTAGAGGA	s506	ACTGCATA
2034	m67n712-s507	2081_042115_28S	n712	GTAGAGGA	s507	AAGGAGTA
2037	m67n712-s508	2121_070715_28S	n712	GTAGAGGA	s508	CTAAGCCT
2042	m67n712-s510	2198_080916_28S	n712	GTAGAGGA	s510	CGTCTAAT
2051	m67n712-s511	2224_122016_28S	n712	GTAGAGGA	s511	TCTCTCCG
2052	m67n714-s502	2235_011717_28S	n714	GCTCATGA	s502	CTCTCTAT
2053	m67n714-s503	2235_022217_28S	n714	GCTCATGA	s503	TATCCTCT
2056	m67n714-s505	2099_042115_28S	n714	GCTCATGA	s505	GTAAGGAG
2057	m67n714-s506	2107_051415_28S	n714	GCTCATGA	s506	ACTGCATA
