sample_id	sequence_id	sample_id_Miseq	date	visit	Diagnosis (enrollment)	case_control	I7_Index_ID	I7_Index_seq	I5_Index_ID	I5_Index_seq
2002	m41n716-s503	2002_081214	2014-08-12	0	idiopathic_vaginitis	case1	n716	ACTCGCTA	s503	TATCCTCT
2002	m41n716-s505	2002_042115	2015-04-21	1			n716	ACTCGCTA	s505	GTAAGGAG
2002	m41n716-s506	2002_061815	2015-06-18	2			n716	ACTCGCTA	s506	ACTGCATA
2007	m41n716-s507	2007_020914	2014-02-09	0	annual	control	n716	ACTCGCTA	s507	AAGGAGTA
2008	m41n716-s508	2008_090214	2014-09-02	0	vulvodynia	case2	n716	ACTCGCTA	s508	CTAAGCCT
2011	m41n716-s510	2011_090914	2014-09-09	0	idiopathic_vaginitis	case1	n716	ACTCGCTA	s510	CGTCTAAT
2013	m41n716-s511	2013_091614	2014-09-16	0	annual	control	n716	ACTCGCTA	s511	TCTCTCCG
2014	m41n718-s502	2014_091614	2014-09-16	0	vulvodynia	case2	n718	GGAGCTAC	s502	CTCTCTAT
2014	m41n718-s503	2014_121614	2014-12-16	1			n718	GGAGCTAC	s503	TATCCTCT
2016	m41n718-s505	2016_092314	2014-09-23	0	idiopathic_vaginitis	case1	n718	GGAGCTAC	s505	GTAAGGAG
2023	m41n718-s510	2023_093014	2014-09-30	0	idiopathic_vaginitis	case1	n718	GGAGCTAC	s510	CGTCTAAT
2026	m41n718-s511	2026_100714	2014-10-07	0	vulvodynia	case2	n718	GGAGCTAC	s511	TCTCTCCG
2034	m41n719-s502	2034_102314	2014-10-23	0	vulvodynia	case2	n719	GCGTAGTA	s502	CTCTCTAT
2037	m41n719-s503	2037_103014	2014-10-30	0	annual	control	n719	GCGTAGTA	s503	TATCCTCT
2042	m41n719-s505	2042_111314	2014-11-13	0	annual	control	n719	GCGTAGTA	s505	GTAAGGAG
2051	m41n719-s506	2051_010615	2015-01-06	0	vulvodynia	case2	n719	GCGTAGTA	s506	ACTGCATA
2052	m41n719-s507	2052_010815	2015-01-08	0	annual	control	n719	GCGTAGTA	s507	AAGGAGTA
2053	m41n719-s508	2053_010815	2015-01-08	0	annual	control	n719	GCGTAGTA	s508	CTAAGCCT
2056	m41n719-s510	2056_012015	2015-01-20	0	annual	control	n719	GCGTAGTA	s510	CGTCTAAT
2057	m41n719-s511	2057_011315	2015-01-13	0	annual	control	n719	GCGTAGTA	s511	TCTCTCCG
2061	m41n720-s502	2061_012215	2015-01-22	0	annual	control	n720	CGGAGCCT	s502	CTCTCTAT
2062	m41n720-s503	2062_012215	2015-01-22	0	annual	control	n720	CGGAGCCT	s503	TATCCTCT
2064	m41n720-s505	2064_012015	2015-01-20	0	annual	control	n720	CGGAGCCT	s505	GTAAGGAG
2065	m41n720-s506	2065_020315	2015-02-03	0	idiopathic_vaginitis	case1	n720	CGGAGCCT	s506	ACTGCATA
2066	m41n720-s507	2066_020315	2015-02-03	0	vulvodynia	case2	n720	CGGAGCCT	s507	AAGGAGTA
2068	m41n720-s508	2068_021215	2015-02-12	0	annual	control	n720	CGGAGCCT	s508	CTAAGCCT
2072	m41n720-s510	2072_022415	2015-02-24	0	idiopathic_vaginitis	case1	n720	CGGAGCCT	s510	CGTCTAAT
2073	m41n720-s511	2073_022415	2015-02-24	0	annual	control	n720	CGGAGCCT	s511	TCTCTCCG
2074	m41n721-s502	2074_022415	2015-02-24	0	vulvodynia	case2	n721	TACGCTGC	s502	CTCTCTAT
2076	m41n721-s503	2076_022615	2015-02-26	0	annual	control	n721	TACGCTGC	s503	TATCCTCT
2078	m41n721-s505	2078_030315	2015-03-03	0	vulvodynia	case2	n721	TACGCTGC	s505	GTAAGGAG
2079	m41n721-s506	2079_030315	2015-03-03	0	vulvodynia	case2	n721	TACGCTGC	s506	ACTGCATA
2079	m41n721-s507	2079-070716	2016-07-07	1			n721	TACGCTGC	s507	AAGGAGTA
2081	m41n721-s508	2081_031715	2015-03-17	0	vulvodynia	case2	n721	TACGCTGC	s508	CTAAGCCT
2081	m41n721-s510	2081_042115	2015-04-21	1			n721	TACGCTGC	s510	CGTCTAAT
2084	m41n722-s502	2084_031915	2015-03-19	0	annual	control	n722	ATGCGCAG	s502	CTCTCTAT
2086	m41n722-s503	2086_032415	2015-03-24	0	idiopathic_vaginitis	case1	n722	ATGCGCAG	s503	TATCCTCT
2096	m41n722-s505	2096_042115	2015-04-21	0	idiopathic_vaginitis	case1	n722	ATGCGCAG	s505	GTAAGGAG
2098	m41n722-s506	2098_042115	2015-04-21	0	annual	control	n722	ATGCGCAG	s506	ACTGCATA
2102	m41n722-s508	2102_050715	2015-05-07	0	annual	control	n722	ATGCGCAG	s508	CTAAGCCT
2104	m41n722-s511	2104_051215	2015-05-12	0	vulvodynia	case2	n722	ATGCGCAG	s511	TCTCTCCG
2105	m41n723-s503	2105_051215	2015-05-12	0	annual	control	n723	TAGCGCTC	s503	TATCCTCT
2110	m41n723-s506	2110_052115	2015-05-21	0	annual	control	n723	TAGCGCTC	s506	ACTGCATA
2113	m41n723-s507	2113_062315	2015-06-23	0	annual	control	n723	TAGCGCTC	s507	AAGGAGTA
2115	m41n723-s508	2115_062315	2015-06-23	0	vulvodynia	case2	n723	TAGCGCTC	s508	CTAAGCCT
2119	m41n723-s510	2119_070215	2015-07-02	0	idiopathic_vaginitis	case1	n723	TAGCGCTC	s510	CGTCTAAT
2120	m41n723-s511	2120_070715	2015-07-07	0	vulvodynia	case2	n723	TAGCGCTC	s511	TCTCTCCG
2120	m41n724-s502	2120_081115	2015-08-11	1			n724	ACTGAGCG	s502	CTCTCTAT
2121	m41n724-s503	2121_070715	2015-07-07	0	annual	control	n724	ACTGAGCG	s503	TATCCTCT
2124	m41n724-s505	2124_072815	2015-07-28	0	annual	control	n724	ACTGAGCG	s505	GTAAGGAG
2126	m41n724-s506	2126_080315	2015-08-03	0	vulvodynia	case2	n724	ACTGAGCG	s506	ACTGCATA
2129	m41n724-s507	2129_081115	2015-08-11	0	annual	control	n724	ACTGAGCG	s507	AAGGAGTA
2130	m41n724-s508	2130_081115	2015-08-11	0	idiopathic_vaginitis	case1	n724	ACTGAGCG	s508	CTAAGCCT
2131	m41n724-s510	2131_120915	2015-12-09	0	idiopathic_vaginitis	case1	n724	ACTGAGCG	s510	CGTCTAAT
2132	m41n724-s511	2132_122215	2015-12-22	0	vulvodynia	case2	n724	ACTGAGCG	s511	TCTCTCCG
2141	m41n726-s502	2141_012616	2016-12-06	0	vulvodynia	case2	n726	CCTAAGAC	s502	CTCTCTAT
2144	m41n701-s515	2144_060716	2016-06-07	0	idiopathic_vaginitis	case1	n701	TAAGGCGA	s515	TTCTAGCT
2144	m41n701-s516	2144_071216	2016-07-12	1			n701	TAAGGCGA	s516	CCTAGAGT
2145	m41n701-s517	2145_060816	2016-06-08	0	annual	control	n701	TAAGGCGA	s517	GCGTAAGA
2147	m41n701-s518	2147_061416	2016-06-14	0	annual	control	n701	TAAGGCGA	s518	CTATTAAG
2148	m41n701-s520	2148_061416	2016-06-14	0	idiopathic_vaginitis	case1	n701	TAAGGCGA	s520	AAGGCTAT
2152	m41n701-s521	2152_062116	2016-06-21	0	annual	control	n701	TAAGGCGA	s521	GAGCCTTA
2153	m41n701-s522	2153_062216	2016-06-22	0	annual	control	n701	TAAGGCGA	s522	TTATGCGA
2154	m41n702-s513	2154_062216	2016-06-22	0	vulvodynia	case2	n702	CGTACTAG	s513	TCGACTAG
2154	m41n702-s515	2154_083016	2016-08-30	1			n702	CGTACTAG	s515	TTCTAGCT
2155	m41n702-s516	2155_062316	2016-06-23	0	annual	control	n702	CGTACTAG	s516	CCTAGAGT
2156	m41n702-s518	2156_062816	2016-06-28	0	annual	control	n702	CGTACTAG	s518	CTATTAAG
2160	m41n702-s520	2160_062816	2016-06-28	0	annual	control	n702	CGTACTAG	s520	AAGGCTAT
2167	m41n702-s521	2167_071216	2016-07-12	0	vulvodynia	case2	n702	CGTACTAG	s521	GAGCCTTA
2169	m41n702-s522	2169_071316	2016-07-13	0	vulvodynia	case2	n702	CGTACTAG	s522	TTATGCGA
2169	m41n703-s513	2169_090716	2016-09-07	1			n703	AGGCAGAA	s513	TCGACTAG
2169	m41n703-s515	2169_120716	2016-12-07	2			n703	AGGCAGAA	s515	TTCTAGCT
2176	m41n703-s516	2176_072016	2016-07-20	0	annual	control	n703	AGGCAGAA	s516	CCTAGAGT
2177	m41n703-s517	2177_072016	2016-07-20	0	annual	control	n703	AGGCAGAA	s517	GCGTAAGA
2182	m41n703-s518	2182_072616	2016-07-26	0	annual	control	n703	AGGCAGAA	s518	CTATTAAG
2183	m41n703-s520	2183_072616	2016-07-26	0	annual	control	n703	AGGCAGAA	s520	AAGGCTAT
2186	m41n703-s521	2186_080116	2016-08-01	0	annual	control	n703	AGGCAGAA	s521	GAGCCTTA
2187	m41n703-s522	2187_080216	2016-08-02	0	vulvodynia	case2	n703	AGGCAGAA	s522	TTATGCGA
2189	m41n704-s513	2189_080216	2016-08-02	0	annual	control	n704	TCCTGAGC	s513	TCGACTAG
2191	m41n711-s516	2191_080416	2016-08-04	0	annual	control	n711	AAGAGGCA	s516	CCTAGAGT
2192	m41n711-s517	2192_080416	2016-08-04	0	annual	control	n711	AAGAGGCA	s517	GCGTAAGA
2196	m41n704-s517	2196_080816	2016-08-08	0	annual	control	n704	TCCTGAGC	s517	GCGTAAGA
2198	m41n704-s518	2198_080916	2016-08-09	0	vulvodynia	case2	n704	TCCTGAGC	s518	CTATTAAG
2203	m41n704-s520	2203_082316	2016-08-23	0	annual	control	n704	TCCTGAGC	s520	AAGGCTAT
2206	m41n704-s521	2206_082916	2016-08-29	0	annual	control	n704	TCCTGAGC	s521	GAGCCTTA
2208	m41n704-s522	2208_090616	2016-09-06	0	vulvodynia	case2	n704	TCCTGAGC	s522	TTATGCGA
2211	m41n705-s513	2211_090816	2016-09-08	0	annual	control	n705	GGACTCCT	s513	TCGACTAG
2213	m41n705-s515	2213_091216	2016-09-12	0	annual	control	n705	GGACTCCT	s515	TTCTAGCT
2214	m41n705-s516	2214_091216	2016-09-12	0	annual	control	n705	GGACTCCT	s516	CCTAGAGT
2216	m41n705-s517	2216_091316	2016-09-13	0	annual	control	n705	GGACTCCT	s517	GCGTAAGA
2219	m41n705-s518	2219_091916	2016-09-19	0	annual	control	n705	GGACTCCT	s518	CTATTAAG
2224	m41n705-s520	2224_102516	2016-10-25	0	idiopathic_vaginitis	case1	n705	GGACTCCT	s520	AAGGCTAT
2224	m41n705-s521	2224_122016	2016-12-20	1			n705	GGACTCCT	s521	GAGCCTTA
2227	m41n706-s513	2227_103116	2016-10-31	0	idiopathic_vaginitis	case1	n706	TAGGCATG	s513	TCGACTAG
2228	m41n706-s515	2228_110116	2016-11-01	0	annual	control	n706	TAGGCATG	s515	TTCTAGCT
2231	m41n706-s516	2231_110816	2016-11-08	0	vulvodynia	case2	n706	TAGGCATG	s516	CCTAGAGT
2235	m41n706-s517	2235_111516	2016-11-15	0	idiopathic_vaginitis	case1	n706	TAGGCATG	s517	GCGTAAGA
2235	m41n706-s518	2235_113016	2016-11-30	1			n706	TAGGCATG	s518	CTATTAAG
2235	m41n706-s520	2235_011717	2017-01-17	2			n706	TAGGCATG	s520	AAGGCTAT
2235	m41n706-s521	2235_022217	2017-02-22	3			n706	TAGGCATG	s521	GAGCCTTA
2236	m41n706-s522	2236_111516	2016-11-15	0	annual	control	n706	TAGGCATG	s522	TTATGCGA
2243	m41n707-s515	2243_122016	2016-12-20	0	vulvodynia	case2	n707	CTCTCTAC	s515	TTCTAGCT
2246	m41n707-s516	2246_122716	2016-12-27	0	vulvodynia	case2	n707	CTCTCTAC	s516	CCTAGAGT
2246	m41n707-s517	2246_022117	2017-02-21	1			n707	CTCTCTAC	s517	GCGTAAGA
2250	m41n707-s518	2250_011017	2017-01-10	0	vulvodynia	case2	n707	CTCTCTAC	s518	CTATTAAG
2252	m41n707-s520	2252_011117	2017-01-11	0	vulvodynia	case2	n707	CTCTCTAC	s520	AAGGCTAT
2257	m41n707-s521	2257_012317	2017-01-23	0	annual	control	n707	CTCTCTAC	s521	GAGCCTTA
2261	m41n707-s522	2261_013117	2017-01-31	0	idiopathic_vaginitis	case1	n707	CTCTCTAC	s522	TTATGCGA
2263	m41n710-s513	2263_020717	2017-02-07	0	annual	control	n710	CGAGGCTG	s513	TCGACTAG
2265	m41n710-s515	2265_021417	2017-02-14	0	idiopathic_vaginitis	case1	n710	CGAGGCTG	s515	TTCTAGCT
2266	m41n710-s516	2266_021417	2017-02-14	0	idiopathic_vaginitis	case1	n710	CGAGGCTG	s516	CCTAGAGT
2267	m41n710-s517	2267_021617	2017-02-16	0	annual	control	n710	CGAGGCTG	s517	GCGTAAGA
2268	m41n710-s518	2268_022117	2017-02-21	0	vulvodynia	case2	n710	CGAGGCTG	s518	CTATTAAG
2272	m41n710-s520	2272_031517	2017-03-15	0	idiopathic_vaginitis	case1	n710	CGAGGCTG	s520	AAGGCTAT
2274	m41n710-s521	2274_032217	2017-03-22	0	vulvodynia	case2	n710	CGAGGCTG	s521	GAGCCTTA
2275	m41n710-s522	2275_032817	2017-03-28	0	vulvodynia	case2	n710	CGAGGCTG	s522	TTATGCGA
2278	m41n711-s513	2278_040617	2017-04-06	0	annual	control	n711	AAGAGGCA	s513	TCGACTAG
